Symbol,Company Name,Market Cap,Stock Price,% Change,Industry,Volume,PE Ratio,Link
VRTX,Vertex Pharmaceuticals Incorporated,105.47B,409.56,-0.62%,Biotechnology,"1,617,608",-,https://stockanalysis.com/stocks/vrtx/
REGN,"Regeneron Pharmaceuticals, Inc.",74.98B,696.88,-5.00%,Biotechnology,"1,116,036",17.24,https://stockanalysis.com/stocks/regn/
ZTS,Zoetis Inc.,73.68B,163.32,-1.03%,Drug Manufacturers - Specialty & Generic,"2,218,993",30.71,https://stockanalysis.com/stocks/zts/
TAK,Takeda Pharmaceutical Company Limited,41.39B,12.95,-2.19%,Drug Manufacturers - Specialty & Generic,"2,054,746",20.45,https://stockanalysis.com/stocks/tak/
HLN,Haleon plc,41.05B,9.10,-4.11%,Drug Manufacturers - Specialty & Generic,"12,745,731",25.35,https://stockanalysis.com/stocks/hln/
ARGX,argenx SE,39.79B,656.26,1.08%,Biotechnology,"287,131",-,https://stockanalysis.com/stocks/argx/
ALNY,"Alnylam Pharmaceuticals, Inc.",30.69B,237.98,-1.07%,Biotechnology,"632,024",-,https://stockanalysis.com/stocks/alny/
BNTX,BioNTech SE,29.45B,122.85,0.57%,Biotechnology,"522,780",-,https://stockanalysis.com/stocks/bntx/
TEVA,Teva Pharmaceutical Industries Limited,23.76B,20.94,-2.56%,Drug Manufacturers - Specialty & Generic,"8,031,764",-,https://stockanalysis.com/stocks/teva/
ONC,"BeiGene, Ltd.",18.83B,176.71,-0.66%,Biotechnology,"194,717",-,https://stockanalysis.com/stocks/onc/
RPRX,Royalty Pharma plc,17.38B,29.49,12.56%,Biotechnology,"7,745,548",11.55,https://stockanalysis.com/stocks/rprx/
UTHR,United Therapeutics Corporation,16.29B,364.97,-0.45%,Biotechnology,"258,183",16.06,https://stockanalysis.com/stocks/uthr/
MRNA,"Moderna, Inc.",16.26B,42.25,-2.13%,Biotechnology,"6,359,722",-,https://stockanalysis.com/stocks/mrna/
NBIX,"Neurocrine Biosciences, Inc.",14.27B,140.90,1.58%,Drug Manufacturers - Specialty & Generic,"1,088,910",37.80,https://stockanalysis.com/stocks/nbix/
GMAB,Genmab A/S,14.00B,22.15,-0.18%,Biotechnology,"828,482",19.91,https://stockanalysis.com/stocks/gmab/
VTRS,Viatris Inc.,13.93B,11.67,-2.42%,Drug Manufacturers - Specialty & Generic,"9,084,306",-,https://stockanalysis.com/stocks/vtrs/
INCY,Incyte Corporation,13.59B,70.54,-3.54%,Biotechnology,"1,798,642",475.37,https://stockanalysis.com/stocks/incy/
SMMT,Summit Therapeutics Inc.,13.16B,17.85,-5.15%,Biotechnology,"3,290,805",-,https://stockanalysis.com/stocks/smmt/
RDY,Dr. Reddy's Laboratories Limited,13.10B,15.42,-2.47%,Drug Manufacturers - Specialty & Generic,"1,999,221",20.57,https://stockanalysis.com/stocks/rdy/
BMRN,BioMarin Pharmaceutical Inc.,12.84B,67.38,-1.46%,Biotechnology,"1,166,469",40.10,https://stockanalysis.com/stocks/bmrn/
SRPT,"Sarepta Therapeutics, Inc.",11.92B,124.79,-1.17%,Biotechnology,"749,008",102.30,https://stockanalysis.com/stocks/srpt/
INSM,Insmed Incorporated,11.67B,65.25,-0.72%,Biotechnology,"2,682,355",-,https://stockanalysis.com/stocks/insm/
TECH,Bio-Techne Corporation,11.65B,73.31,-2.50%,Biotechnology,"992,120",77.22,https://stockanalysis.com/stocks/tech/
EXEL,"Exelixis, Inc.",10.29B,36.02,4.41%,Biotechnology,"3,059,101",23.27,https://stockanalysis.com/stocks/exel/
PCVX,"Vaxcyte, Inc.",10.11B,81.08,0.02%,Biotechnology,"979,526",-,https://stockanalysis.com/stocks/pcvx/
ITCI,"Intra-Cellular Therapies, Inc.",10.06B,94.87,14.91%,Drug Manufacturers - Specialty & Generic,"4,078,752",-,https://stockanalysis.com/stocks/itci/
ROIV,Roivant Sciences Ltd.,7.74B,10.63,-3.54%,Biotechnology,"6,708,947",1.81,https://stockanalysis.com/stocks/roiv/
RVMD,"Revolution Medicines, Inc.",7.72B,41.78,-5.94%,Biotechnology,"1,669,304",-,https://stockanalysis.com/stocks/rvmd/
ASND,Ascendis Pharma A/S,7.72B,129.19,-3.90%,Biotechnology,"396,572",-,https://stockanalysis.com/stocks/asnd/
MDGL,"Madrigal Pharmaceuticals, Inc.",7.39B,338.91,1.66%,Biotechnology,"436,944",-,https://stockanalysis.com/stocks/mdgl/
JAZZ,Jazz Pharmaceuticals plc,7.34B,121.41,0.98%,Biotechnology,"463,847",17.25,https://stockanalysis.com/stocks/jazz/
HALO,"Halozyme Therapeutics, Inc.",6.72B,52.80,-1.79%,Biotechnology,"1,829,031",17.47,https://stockanalysis.com/stocks/halo/
LNTH,"Lantheus Holdings, Inc.",6.67B,95.88,2.00%,Drug Manufacturers - Specialty & Generic,"623,895",15.92,https://stockanalysis.com/stocks/lnth/
LEGN,Legend Biotech Corporation,6.17B,33.62,2.59%,Biotechnology,"4,608,079",-,https://stockanalysis.com/stocks/legn/
ELAN,Elanco Animal Health Incorporated,5.65B,11.43,-1.04%,Drug Manufacturers - Specialty & Generic,"4,986,826",27.70,https://stockanalysis.com/stocks/elan/
BPMC,Blueprint Medicines Corporation,5.55B,87.43,-3.53%,Biotechnology,"976,862",-,https://stockanalysis.com/stocks/bpmc/
CYTK,"Cytokinetics, Incorporated",5.50B,46.62,-1.58%,Biotechnology,"1,665,803",-,https://stockanalysis.com/stocks/cytk/
BBIO,"BridgeBio Pharma, Inc.",5.50B,29.08,-1.26%,Biotechnology,"1,967,791",-,https://stockanalysis.com/stocks/bbio/
NUVL,"Nuvalent, Inc.",5.44B,76.61,-2.10%,Biotechnology,"493,262",-,https://stockanalysis.com/stocks/nuvl/
IONS,"Ionis Pharmaceuticals, Inc.",5.28B,33.46,-1.88%,Biotechnology,"1,136,169",-,https://stockanalysis.com/stocks/ions/
CORT,Corcept Therapeutics Incorporated,5.22B,49.85,-3.56%,Biotechnology,"1,013,657",39.54,https://stockanalysis.com/stocks/cort/
TLX,Telix Pharmaceuticals Limited,4.93B,14.63,-4.69%,Biotechnology,"11,187",149.08,https://stockanalysis.com/stocks/tlx/
ALKS,Alkermes plc,4.54B,28.08,-1.20%,Drug Manufacturers - Specialty & Generic,"1,214,877",12.28,https://stockanalysis.com/stocks/alks/
KRYS,"Krystal Biotech, Inc.",4.40B,152.92,-2.39%,Biotechnology,"449,841",86.24,https://stockanalysis.com/stocks/krys/
ADMA,"ADMA Biologics, Inc.",4.39B,18.56,-,Biotechnology,"2,067,746",66.21,https://stockanalysis.com/stocks/adma/
VKTX,"Viking Therapeutics, Inc.",4.38B,39.31,-3.18%,Biotechnology,"3,036,533",-,https://stockanalysis.com/stocks/vktx/
TGTX,"TG Therapeutics, Inc.",4.14B,28.88,0.38%,Biotechnology,"2,554,085",-,https://stockanalysis.com/stocks/tgtx/
ALVO,Alvotech,4.08B,13.52,2.04%,Drug Manufacturers - Specialty & Generic,"161,930",-,https://stockanalysis.com/stocks/alvo/
RARE,Ultragenyx Pharmaceutical Inc.,3.88B,42.07,-3.62%,Biotechnology,"833,959",-,https://stockanalysis.com/stocks/rare/
AXSM,"Axsome Therapeutics, Inc.",3.88B,80.05,-3.05%,Biotechnology,"900,128",-,https://stockanalysis.com/stocks/axsm/
SRRK,Scholar Rock Holding Corporation,3.79B,40.49,-0.88%,Biotechnology,"1,110,669",-,https://stockanalysis.com/stocks/srrk/
CRNX,"Crinetics Pharmaceuticals, Inc.",3.76B,40.59,-16.31%,Biotechnology,"3,030,839",-,https://stockanalysis.com/stocks/crnx/
ACLX,"Arcellx, Inc.",3.74B,69.08,-4.40%,Biotechnology,"1,558,374",-,https://stockanalysis.com/stocks/aclx/
BHVN,Biohaven Ltd.,3.71B,36.72,-6.25%,Biotechnology,"1,599,662",-,https://stockanalysis.com/stocks/bhvn/
VRNA,Verona Pharma plc,3.70B,45.20,-2.16%,Biotechnology,"1,994,579",-,https://stockanalysis.com/stocks/vrna/
PBH,Prestige Consumer Healthcare Inc.,3.66B,74.00,-0.51%,Drug Manufacturers - Specialty & Generic,"261,348",18.05,https://stockanalysis.com/stocks/pbh/
RNA,"Avidity Biosciences, Inc.",3.51B,29.46,-1.57%,Biotechnology,"2,846,135",-,https://stockanalysis.com/stocks/rna/
RYTM,"Rhythm Pharmaceuticals, Inc.",3.45B,56.17,-2.94%,Biotechnology,"571,731",-,https://stockanalysis.com/stocks/rytm/
IMVT,"Immunovant, Inc.",3.45B,23.48,-0.63%,Biotechnology,"810,643",-,https://stockanalysis.com/stocks/imvt/
APLS,"Apellis Pharmaceuticals, Inc.",3.41B,27.44,-16.85%,Biotechnology,"3,938,664",-,https://stockanalysis.com/stocks/apls/
PTCT,"PTC Therapeutics, Inc.",3.39B,43.94,-2.44%,Biotechnology,"545,898",-,https://stockanalysis.com/stocks/ptct/
CRSP,CRISPR Therapeutics AG,3.39B,39.69,-3.88%,Biotechnology,"2,354,365",-,https://stockanalysis.com/stocks/crsp/
PRGO,Perrigo Company plc,3.33B,24.38,-2.67%,Drug Manufacturers - Specialty & Generic,"1,146,108",-,https://stockanalysis.com/stocks/prgo/
SWTX,"SpringWorks Therapeutics, Inc.",3.20B,43.00,6.20%,Biotechnology,"3,524,461",-,https://stockanalysis.com/stocks/swtx/
MRUS,Merus N.V.,3.00B,43.85,3.84%,Biotechnology,"1,773,721",-,https://stockanalysis.com/stocks/mrus/
VCEL,Vericel Corporation,2.94B,59.50,-0.05%,Biotechnology,"465,541",811.95,https://stockanalysis.com/stocks/vcel/
XENE,Xenon Pharmaceuticals Inc.,2.93B,38.41,-2.88%,Biotechnology,"429,557",-,https://stockanalysis.com/stocks/xene/
MLTX,MoonLake Immunotherapeutics,2.92B,46.32,-3.85%,Biotechnology,"448,355",-,https://stockanalysis.com/stocks/mltx/
BHC,Bausch Health Companies Inc.,2.90B,7.88,0.64%,Drug Manufacturers - Specialty & Generic,"1,397,805",-,https://stockanalysis.com/stocks/bhc/
ACAD,ACADIA Pharmaceuticals Inc.,2.87B,17.26,-1.93%,Biotechnology,"2,019,460",22.23,https://stockanalysis.com/stocks/acad/
DNLI,Denali Therapeutics Inc.,2.75B,19.10,-10.12%,Biotechnology,"1,301,377",-,https://stockanalysis.com/stocks/dnli/
ZLAB,Zai Lab Limited,2.74B,25.30,4.12%,Biotechnology,"608,099",-,https://stockanalysis.com/stocks/zlab/
JANX,"Janux Therapeutics, Inc.",2.70B,46.76,-7.99%,Biotechnology,"2,093,549",-,https://stockanalysis.com/stocks/janx/
FOLD,"Amicus Therapeutics, Inc.",2.70B,9.02,-4.65%,Biotechnology,"3,242,084",-,https://stockanalysis.com/stocks/fold/
NAMS,NewAmsterdam Pharma Company N.V.,2.67B,24.95,-2.35%,Biotechnology,"633,143",-,https://stockanalysis.com/stocks/nams/
CPRX,"Catalyst Pharmaceuticals, Inc.",2.61B,21.92,-3.86%,Biotechnology,"2,478,831",18.60,https://stockanalysis.com/stocks/cprx/
HCM,HUTCHMED (China) Limited,2.60B,15.03,-1.31%,Drug Manufacturers - Specialty & Generic,"44,758",-,https://stockanalysis.com/stocks/hcm/
KYMR,"Kymera Therapeutics, Inc.",2.47B,38.17,-5.80%,Biotechnology,"582,263",-,https://stockanalysis.com/stocks/kymr/
AMRX,"Amneal Pharmaceuticals, Inc.",2.47B,7.97,-1.12%,Drug Manufacturers - Specialty & Generic,"623,313",-,https://stockanalysis.com/stocks/amrx/
VERA,"Vera Therapeutics, Inc.",2.34B,37.02,-12.25%,Biotechnology,"939,938",-,https://stockanalysis.com/stocks/vera/
APGE,"Apogee Therapeutics, Inc.",2.34B,41.05,-16.58%,Biotechnology,"1,358,852",-,https://stockanalysis.com/stocks/apge/
ARWR,"Arrowhead Pharmaceuticals, Inc.",2.30B,18.49,-6.38%,Biotechnology,"2,506,016",-,https://stockanalysis.com/stocks/arwr/
EWTX,"Edgewise Therapeutics, Inc.",2.29B,24.15,-5.00%,Biotechnology,"912,608",-,https://stockanalysis.com/stocks/ewtx/
PTGX,"Protagonist Therapeutics, Inc.",2.18B,36.61,-2.68%,Biotechnology,"490,474",13.64,https://stockanalysis.com/stocks/ptgx/
BEAM,Beam Therapeutics Inc.,2.10B,26.39,-1.53%,Biotechnology,"1,587,535",-,https://stockanalysis.com/stocks/beam/
IDYA,"IDEAYA Biosciences, Inc.",2.08B,24.03,-3.30%,Biotechnology,"617,975",-,https://stockanalysis.com/stocks/idya/
SUPN,"Supernus Pharmaceuticals, Inc.",2.07B,37.49,-1.50%,Drug Manufacturers - Specialty & Generic,"334,917",35.05,https://stockanalysis.com/stocks/supn/
CNTA,Centessa Pharmaceuticals plc,2.06B,15.64,-2.86%,Biotechnology,"442,389",-,https://stockanalysis.com/stocks/cnta/
CGON,"CG Oncology, Inc.",2.04B,30.20,-0.85%,Biotechnology,"780,283",-,https://stockanalysis.com/stocks/cgon/
TARS,"Tarsus Pharmaceuticals, Inc.",2.01B,52.69,-4.62%,Biotechnology,"799,710",-,https://stockanalysis.com/stocks/tars/
LGND,Ligand Pharmaceuticals Incorporated,2.01B,106.28,-3.89%,Biotechnology,"84,683",43.00,https://stockanalysis.com/stocks/lgnd/
MESO,Mesoblast Limited,1.99B,17.18,-4.02%,Biotechnology,"418,606",-,https://stockanalysis.com/stocks/meso/
MIRM,"Mirum Pharmaceuticals, Inc.",1.98B,41.32,-1.62%,Biotechnology,"401,295",-,https://stockanalysis.com/stocks/mirm/
RXRX,"Recursion Pharmaceuticals, Inc.",1.97B,6.88,-5.23%,Biotechnology,"13,787,188",-,https://stockanalysis.com/stocks/rxrx/
AGIO,"Agios Pharmaceuticals, Inc.",1.96B,34.42,-4.12%,Biotechnology,"1,255,232",2.92,https://stockanalysis.com/stocks/agio/
IOVA,"Iovance Biotherapeutics, Inc.",1.95B,6.40,-10.74%,Biotechnology,"18,436,885",-,https://stockanalysis.com/stocks/iova/
HRMY,"Harmony Biosciences Holdings, Inc.",1.93B,33.86,-1.94%,Biotechnology,"357,510",16.08,https://stockanalysis.com/stocks/hrmy/
GERN,Geron Corporation,1.92B,3.17,-7.31%,Biotechnology,"17,780,527",-,https://stockanalysis.com/stocks/gern/
SLNO,"Soleno Therapeutics, Inc.",1.86B,43.11,-3.17%,Biotechnology,"776,962",-,https://stockanalysis.com/stocks/slno/
IRON,"Disc Medicine, Inc.",1.76B,59.25,-5.27%,Biotechnology,"698,663",-,https://stockanalysis.com/stocks/iron/
WVE,Wave Life Sciences Ltd.,1.76B,11.54,-7.68%,Biotechnology,"1,560,081",-,https://stockanalysis.com/stocks/wve/
AMPH,"Amphastar Pharmaceuticals, Inc.",1.75B,36.36,-0.74%,Drug Manufacturers - Specialty & Generic,"391,061",12.08,https://stockanalysis.com/stocks/amph/
AKRO,"Akero Therapeutics, Inc.",1.73B,24.84,-5.05%,Biotechnology,"842,556",-,https://stockanalysis.com/stocks/akro/
BLTE,"Belite Bio, Inc",1.71B,55.47,-0.84%,Biotechnology,"38,614",-,https://stockanalysis.com/stocks/blte/
GLPG,Galapagos NV,1.69B,25.65,-8.95%,Biotechnology,"617,110",7.34,https://stockanalysis.com/stocks/glpg/
IBRX,"ImmunityBio, Inc.",1.69B,2.42,-5.47%,Biotechnology,"6,332,021",-,https://stockanalysis.com/stocks/ibrx/
MNKD,MannKind Corporation,1.68B,6.09,-1.30%,Biotechnology,"1,981,327",76.81,https://stockanalysis.com/stocks/mnkd/
VIR,"Vir Biotechnology, Inc.",1.67B,12.10,-3.04%,Biotechnology,"6,363,519",-,https://stockanalysis.com/stocks/vir/
DVAX,Dynavax Technologies Corporation,1.66B,12.63,0.08%,Drug Manufacturers - Specialty & Generic,"1,584,622",83.58,https://stockanalysis.com/stocks/dvax/
FTRE,Fortrea Holdings Inc.,1.63B,18.19,-1.20%,Biotechnology,"1,174,081",-,https://stockanalysis.com/stocks/ftre/
ARQT,"Arcutis Biotherapeutics, Inc.",1.62B,13.81,-9.56%,Biotechnology,"2,067,198",-,https://stockanalysis.com/stocks/arqt/
CLDX,"Celldex Therapeutics, Inc.",1.62B,24.35,-8.22%,Biotechnology,"1,164,718",-,https://stockanalysis.com/stocks/cldx/
DYN,"Dyne Therapeutics, Inc.",1.62B,15.87,-31.15%,Biotechnology,"9,778,114",-,https://stockanalysis.com/stocks/dyn/
BCRX,"BioCryst Pharmaceuticals, Inc.",1.59B,7.67,-4.72%,Biotechnology,"4,681,166",-,https://stockanalysis.com/stocks/bcrx/
TVTX,"Travere Therapeutics, Inc.",1.57B,18.09,-4.79%,Biotechnology,"1,695,992",-,https://stockanalysis.com/stocks/tvtx/
EVO,Evotec SE,1.53B,4.36,1.16%,Drug Manufacturers - Specialty & Generic,"61,088",-,https://stockanalysis.com/stocks/evo/
IMCR,Immunocore Holdings plc,1.52B,30.40,0.56%,Biotechnology,"299,949",-,https://stockanalysis.com/stocks/imcr/
NVAX,"Novavax, Inc.",1.49B,9.32,-3.02%,Biotechnology,"4,447,762",-,https://stockanalysis.com/stocks/nvax/
INDV,Indivior PLC,1.48B,11.85,-1.99%,Drug Manufacturers - Specialty & Generic,"783,819",-,https://stockanalysis.com/stocks/indv/
GPCR,Structure Therapeutics Inc.,1.45B,25.26,-6.58%,Biotechnology,"919,107",-,https://stockanalysis.com/stocks/gpcr/
XNCR,"Xencor, Inc.",1.44B,20.61,-12.06%,Biotechnology,"678,601",-,https://stockanalysis.com/stocks/xncr/
VRDN,"Viridian Therapeutics, Inc.",1.44B,18.20,-4.96%,Biotechnology,"1,659,619",-,https://stockanalysis.com/stocks/vrdn/
KNSA,"Kiniksa Pharmaceuticals International, plc",1.44B,19.93,-1.82%,Drug Manufacturers - Specialty & Generic,"405,847",-,https://stockanalysis.com/stocks/knsa/
SYRE,"Spyre Therapeutics, Inc.",1.32B,22.46,-6.49%,Biotechnology,"686,819",-,https://stockanalysis.com/stocks/syre/
HROW,"Harrow, Inc.",1.31B,36.67,1.44%,Drug Manufacturers - Specialty & Generic,"293,290",-,https://stockanalysis.com/stocks/hrow/
RCUS,"Arcus Biosciences, Inc.",1.30B,14.20,-4.83%,Biotechnology,"410,553",-,https://stockanalysis.com/stocks/rcus/
NRIX,"Nurix Therapeutics, Inc.",1.29B,18.24,-6.51%,Biotechnology,"895,150",-,https://stockanalysis.com/stocks/nrix/
OCUL,"Ocular Therapeutix, Inc.",1.29B,8.21,-7.44%,Biotechnology,"965,761",-,https://stockanalysis.com/stocks/ocul/
ARVN,"Arvinas, Inc.",1.28B,18.62,-6.05%,Biotechnology,"862,528",-,https://stockanalysis.com/stocks/arvn/
MDXG,"MiMedx Group, Inc.",1.27B,8.65,-2.26%,Biotechnology,"501,211",17.19,https://stockanalysis.com/stocks/mdxg/
MRVI,"Maravai LifeSciences Holdings, Inc.",1.22B,4.85,-20.88%,Biotechnology,"6,492,786",-,https://stockanalysis.com/stocks/mrvi/
ARDX,"Ardelyx, Inc.",1.20B,5.07,-5.06%,Biotechnology,"3,043,277",-,https://stockanalysis.com/stocks/ardx/
DAWN,"Day One Biopharmaceuticals, Inc.",1.19B,11.80,-3.28%,Biotechnology,"765,482",-,https://stockanalysis.com/stocks/dawn/
PRAX,"Praxis Precision Medicines, Inc.",1.18B,63.15,-14.29%,Biotechnology,"475,279",-,https://stockanalysis.com/stocks/prax/
AUPH,Aurinia Pharmaceuticals Inc.,1.16B,8.07,-3.24%,Biotechnology,"2,385,092",-,https://stockanalysis.com/stocks/auph/
TLRY,"Tilray Brands, Inc.",1.15B,1.23,-10.22%,Drug Manufacturers - Specialty & Generic,"60,472,917",-,https://stockanalysis.com/stocks/tlry/
SNDX,"Syndax Pharmaceuticals, Inc.",1.12B,13.11,-5.07%,Biotechnology,"1,454,127",-,https://stockanalysis.com/stocks/sndx/
BGM,BGM Group Ltd.,1.10B,11.35,-6.28%,Drug Manufacturers - Specialty & Generic,"39,498",-,https://stockanalysis.com/stocks/bgm/
SPRY,"ARS Pharmaceuticals, Inc.",1.09B,11.24,-1.66%,Biotechnology,"1,159,807",-,https://stockanalysis.com/stocks/spry/
INVA,"Innoviva, Inc.",1.08B,17.28,-0.17%,Biotechnology,"435,275",17.45,https://stockanalysis.com/stocks/inva/
ANIP,"ANI Pharmaceuticals, Inc.",1.07B,55.04,1.62%,Drug Manufacturers - Specialty & Generic,"136,909",-,https://stockanalysis.com/stocks/anip/
ELVN,"Enliven Therapeutics, Inc.",1.06B,21.74,-9.98%,Biotechnology,"322,755",-,https://stockanalysis.com/stocks/elvn/
COLL,"Collegium Pharmaceutical, Inc.",1.06B,32.91,-1.29%,Drug Manufacturers - Specialty & Generic,"668,585",15.22,https://stockanalysis.com/stocks/coll/
NTLA,"Intellia Therapeutics, Inc.",1.04B,10.20,-15.14%,Biotechnology,"7,213,562",-,https://stockanalysis.com/stocks/ntla/
LQDA,Liquidia Corporation,1.03B,12.19,-2.17%,Biotechnology,"587,948",-,https://stockanalysis.com/stocks/lqda/
RCKT,"Rocket Pharmaceuticals, Inc.",1.02B,11.14,-5.51%,Biotechnology,"1,791,868",-,https://stockanalysis.com/stocks/rckt/
PHVS,Pharvaris N.V.,965.35M,17.80,-3.99%,Biotechnology,"19,099",-,https://stockanalysis.com/stocks/phvs/
ADPT,Adaptive Biotechnologies Corporation,959.27M,6.50,-2.84%,Biotechnology,"1,222,966",-,https://stockanalysis.com/stocks/adpt/
PCRX,"Pacira BioSciences, Inc.",953.02M,20.64,11.09%,Drug Manufacturers - Specialty & Generic,"1,609,837",-,https://stockanalysis.com/stocks/pcrx/
AVXL,Anavex Life Sciences Corp.,952.48M,11.23,-1.75%,Biotechnology,"1,796,503",-,https://stockanalysis.com/stocks/avxl/
CVAC,CureVac N.V.,944.36M,4.21,-0.47%,Biotechnology,"1,802,545",-,https://stockanalysis.com/stocks/cvac/
NUVB,Nuvation Bio Inc.,935.65M,2.78,-7.64%,Biotechnology,"2,667,366",-,https://stockanalysis.com/stocks/nuvb/
BCYC,Bicycle Therapeutics plc,919.00M,13.31,-6.07%,Biotechnology,"278,740",-,https://stockanalysis.com/stocks/bcyc/
ZYME,Zymeworks Inc.,910.56M,13.22,-6.44%,Biotechnology,"785,315",-,https://stockanalysis.com/stocks/zyme/
OCS,Oculis Holding AG,887.14M,21.15,13.10%,Biotechnology,"349,552",-,https://stockanalysis.com/stocks/ocs/
COGT,"Cogent Biosciences, Inc.",866.02M,7.84,-3.33%,Biotechnology,"1,747,569",-,https://stockanalysis.com/stocks/cogt/
ABCL,AbCellera Biologics Inc.,862.47M,2.92,-3.63%,Biotechnology,"3,354,932",-,https://stockanalysis.com/stocks/abcl/
GYRE,"Gyre Therapeutics, Inc.",857.36M,9.99,3.85%,Biotechnology,"149,035",-,https://stockanalysis.com/stocks/gyre/
REPL,"Replimune Group, Inc.",851.13M,11.06,-4.08%,Biotechnology,"735,201",-,https://stockanalysis.com/stocks/repl/
AVBP,"ArriVent BioPharma, Inc.",838.39M,24.88,-7.37%,Biotechnology,"237,783",-,https://stockanalysis.com/stocks/avbp/
SANA,"Sana Biotechnology, Inc.",817.16M,3.66,-14.88%,Biotechnology,"28,706,964",-,https://stockanalysis.com/stocks/sana/
PAHC,Phibro Animal Health Corporation,812.10M,20.05,-6.66%,Drug Manufacturers - Specialty & Generic,"123,230",46.66,https://stockanalysis.com/stocks/pahc/
TYRA,"Tyra Biosciences, Inc.",799.57M,15.20,-4.82%,Biotechnology,"418,222",-,https://stockanalysis.com/stocks/tyra/
SEPN,"Septerna, Inc.",798.81M,17.99,-13.72%,Biotechnology,"206,890",-,https://stockanalysis.com/stocks/sepn/
CDMO,"Avid Bioservices, Inc.",793.78M,12.41,0.24%,Biotechnology,"1,139,184",-,https://stockanalysis.com/stocks/cdmo/
BCAX,Bicara Therapeutics Inc.,782.50M,14.38,-5.70%,Biotechnology,"535,543",-,https://stockanalysis.com/stocks/bcax/
IMTX,Immatics N.V.,767.46M,6.43,-7.75%,Biotechnology,"599,450",-,https://stockanalysis.com/stocks/imtx/
ETNB,"89bio, Inc.",765.46M,6.51,-11.43%,Biotechnology,"1,116,735",-,https://stockanalysis.com/stocks/etnb/
AVDL,Avadel Pharmaceuticals plc,761.26M,7.90,-26.10%,Drug Manufacturers - Specialty & Generic,"7,850,481",-,https://stockanalysis.com/stocks/avdl/
CRON,Cronos Group Inc.,749.41M,1.98,-2.46%,Drug Manufacturers - Specialty & Generic,"1,824,585",-,https://stockanalysis.com/stocks/cron/
RLAY,"Relay Therapeutics, Inc.",744.85M,4.45,-7.87%,Biotechnology,"11,807,737",-,https://stockanalysis.com/stocks/rlay/
UPB,"Upstream Bio, Inc.",734.27M,13.70,-15.38%,Biotechnology,"380,903",-,https://stockanalysis.com/stocks/upb/
PLRX,"Pliant Therapeutics, Inc.",730.85M,12.01,-4.76%,Biotechnology,"348,643",-,https://stockanalysis.com/stocks/plrx/
DNTH,"Dianthus Therapeutics, Inc.",716.25M,24.20,-5.39%,Biotechnology,"190,269",-,https://stockanalysis.com/stocks/dnth/
PRTA,Prothena Corporation plc,702.20M,13.05,-7.84%,Biotechnology,"507,204",-,https://stockanalysis.com/stocks/prta/
CRMD,CorMedix Inc.,678.98M,11.19,3.52%,Biotechnology,"1,845,692",-,https://stockanalysis.com/stocks/crmd/
QURE,uniQure N.V.,675.09M,13.85,-13.00%,Biotechnology,"2,013,391",-,https://stockanalysis.com/stocks/qure/
ERAS,"Erasca, Inc.",668.65M,2.37,-14.00%,Biotechnology,"2,468,990",-,https://stockanalysis.com/stocks/eras/
IMNM,"Immunome, Inc.",661.62M,10.60,-0.56%,Biotechnology,"851,717",-,https://stockanalysis.com/stocks/imnm/
CGEM,"Cullinan Therapeutics, Inc.",651.57M,11.19,0.54%,Biotechnology,"1,233,043",-,https://stockanalysis.com/stocks/cgem/
LENZ,"LENZ Therapeutics, Inc.",638.30M,23.21,-11.88%,Biotechnology,"212,256",-,https://stockanalysis.com/stocks/lenz/
IRWD,"Ironwood Pharmaceuticals, Inc.",633.71M,3.96,-13.54%,Drug Manufacturers - Specialty & Generic,"1,687,921",-,https://stockanalysis.com/stocks/irwd/
EOLS,"Evolus, Inc.",633.21M,10.00,-2.06%,Drug Manufacturers - Specialty & Generic,"811,048",-,https://stockanalysis.com/stocks/eols/
PHAR,Pharming Group N.V.,632.12M,9.71,1.04%,Biotechnology,"2,349",-,https://stockanalysis.com/stocks/phar/
AUTL,Autolus Therapeutics plc,628.05M,2.36,-2.07%,Biotechnology,"830,302",-,https://stockanalysis.com/stocks/autl/
ABUS,Arbutus Biopharma Corporation,623.43M,3.29,-1.79%,Biotechnology,"816,754",-,https://stockanalysis.com/stocks/abus/
CRGX,"CARGO Therapeutics, Inc.",621.37M,13.50,-4.93%,Biotechnology,"258,750",-,https://stockanalysis.com/stocks/crgx/
CAPR,"Capricor Therapeutics, Inc.",599.75M,13.19,-4.83%,Biotechnology,"625,649",-,https://stockanalysis.com/stocks/capr/
HUMA,"Humacyte, Inc.",593.16M,4.61,-1.50%,Biotechnology,"2,811,709",-,https://stockanalysis.com/stocks/huma/
TECX,"Tectonic Therapeutic, Inc.",592.47M,40.16,-8.46%,Biotechnology,"164,419",-,https://stockanalysis.com/stocks/tecx/
KROS,"Keros Therapeutics, Inc.",589.79M,14.56,-2.22%,Biotechnology,"1,592,986",-,https://stockanalysis.com/stocks/kros/
EYPT,"EyePoint Pharmaceuticals, Inc.",585.14M,8.34,-8.45%,Biotechnology,"750,323",-,https://stockanalysis.com/stocks/eypt/
SVRA,Savara Inc.,582.30M,2.78,-8.55%,Biotechnology,"1,182,322",-,https://stockanalysis.com/stocks/svra/
KURA,"Kura Oncology, Inc.",569.23M,7.32,-5.91%,Biotechnology,"1,525,525",-,https://stockanalysis.com/stocks/kura/
OPT,Opthea Limited,567.29M,3.52,-6.63%,Biotechnology,"33,660",-,https://stockanalysis.com/stocks/opt/
ORIC,"ORIC Pharmaceuticals, Inc.",561.71M,7.96,-6.35%,Biotechnology,"618,037",-,https://stockanalysis.com/stocks/oric/
MREO,Mereo BioPharma Group plc,549.89M,3.55,-5.59%,Biotechnology,"1,023,651",-,https://stockanalysis.com/stocks/mreo/
RAPP,"Rapport Therapeutics, Inc.",541.70M,14.81,-11.26%,Biotechnology,"314,606",-,https://stockanalysis.com/stocks/rapp/
EBS,Emergent BioSolutions Inc.,535.34M,9.88,-2.08%,Drug Manufacturers - Specialty & Generic,"929,939",-,https://stockanalysis.com/stocks/ebs/
DNA,"Ginkgo Bioworks Holdings, Inc.",519.14M,9.78,-11.97%,Biotechnology,"1,278,520",-,https://stockanalysis.com/stocks/dna/
TRDA,"Entrada Therapeutics, Inc.",518.69M,14.65,-9.68%,Biotechnology,"182,101",9.45,https://stockanalysis.com/stocks/trda/
ANNX,"Annexon, Inc.",514.85M,4.83,-0.21%,Biotechnology,"1,715,725",-,https://stockanalysis.com/stocks/annx/
OMER,Omeros Corporation,512.28M,8.84,-10.62%,Biotechnology,"784,434",-,https://stockanalysis.com/stocks/omer/
MNMD,Mind Medicine (MindMed) Inc.,508.19M,6.93,-1.98%,Biotechnology,"1,828,640",-,https://stockanalysis.com/stocks/mnmd/
XERS,"Xeris Biopharma Holdings, Inc.",506.88M,3.40,1.19%,Biotechnology,"2,979,308",-,https://stockanalysis.com/stocks/xers/
TRML,"Tourmaline Bio, Inc.",505.16M,19.70,-1.50%,Biotechnology,"296,857",-,https://stockanalysis.com/stocks/trml/
MLYS,"Mineralys Therapeutics, Inc.",491.22M,9.87,-11.88%,Biotechnology,"398,726",-,https://stockanalysis.com/stocks/mlys/
ALT,"Altimmune, Inc.",488.63M,6.87,-7.79%,Biotechnology,"3,887,182",-,https://stockanalysis.com/stocks/alt/
ARCT,Arcturus Therapeutics Holdings Inc.,487.03M,17.98,-5.12%,Biotechnology,"443,192",-,https://stockanalysis.com/stocks/arct/
MGTX,MeiraGTx Holdings plc,484.55M,6.20,-2.36%,Biotechnology,"457,653",-,https://stockanalysis.com/stocks/mgtx/
STOK,"Stoke Therapeutics, Inc.",476.70M,9.00,0.45%,Biotechnology,"1,592,999",-,https://stockanalysis.com/stocks/stok/
PHAT,"Phathom Pharmaceuticals, Inc.",474.54M,6.94,-0.14%,Biotechnology,"715,080",-,https://stockanalysis.com/stocks/phat/
PROK,ProKidney Corp.,472.49M,1.62,-2.41%,Biotechnology,"550,096",-,https://stockanalysis.com/stocks/prok/
VERV,"Verve Therapeutics, Inc.",468.19M,5.53,-7.99%,Biotechnology,"1,339,269",-,https://stockanalysis.com/stocks/verv/
ESPR,"Esperion Therapeutics, Inc.",461.06M,2.34,7.83%,Drug Manufacturers - Specialty & Generic,"5,168,179",-,https://stockanalysis.com/stocks/espr/
MBX,"MBX Biosciences, Inc.",457.48M,13.69,-5.65%,Biotechnology,"379,368",-,https://stockanalysis.com/stocks/mbx/
GHRS,GH Research PLC,445.88M,8.57,-4.57%,Biotechnology,"212,081",-,https://stockanalysis.com/stocks/ghrs/
SIGA,"SIGA Technologies, Inc.",443.42M,6.21,-1.11%,Drug Manufacturers - Specialty & Generic,"301,422",5.20,https://stockanalysis.com/stocks/siga/
CELC,Celcuity Inc.,442.58M,11.92,-6.14%,Biotechnology,"719,364",-,https://stockanalysis.com/stocks/celc/
KOD,Kodiak Sciences Inc.,436.81M,8.32,-9.57%,Biotechnology,"443,921",-,https://stockanalysis.com/stocks/kod/
RNAC,"Cartesian Therapeutics, Inc.",433.21M,16.84,-0.47%,Biotechnology,"119,561",-,https://stockanalysis.com/stocks/rnac/
ZVRA,"Zevra Therapeutics, Inc.",432.88M,8.11,-4.92%,Biotechnology,"558,743",-,https://stockanalysis.com/stocks/zvra/
ANAB,"AnaptysBio, Inc.",432.39M,14.21,-1.04%,Biotechnology,"378,173",-,https://stockanalysis.com/stocks/anab/
URGN,UroGen Pharma Ltd.,432.12M,10.24,-7.25%,Biotechnology,"467,398",-,https://stockanalysis.com/stocks/urgn/
TBPH,"Theravance Biopharma, Inc.",431.75M,8.78,-2.98%,Biotechnology,"199,694",-,https://stockanalysis.com/stocks/tbph/
ALLO,"Allogene Therapeutics, Inc.",430.88M,2.06,-12.55%,Biotechnology,"3,140,403",-,https://stockanalysis.com/stocks/allo/
KMDA,Kamada Ltd.,429.79M,7.41,1.23%,Drug Manufacturers - Specialty & Generic,"515,816",27.35,https://stockanalysis.com/stocks/kmda/
TKNO,"Alpha Teknova, Inc.",429.66M,8.06,-4.05%,Drug Manufacturers - Specialty & Generic,"243,266",-,https://stockanalysis.com/stocks/tkno/
TERN,"Terns Pharmaceuticals, Inc.",425.54M,5.01,-4.48%,Biotechnology,"1,435,622",-,https://stockanalysis.com/stocks/tern/
ATXS,"Astria Therapeutics, Inc.",420.43M,7.45,-10.78%,Biotechnology,"250,583",-,https://stockanalysis.com/stocks/atxs/
ABVX,ABIVAX Société Anonyme,419.39M,6.38,-4.49%,Biotechnology,"210,535",-,https://stockanalysis.com/stocks/abvx/
OABI,"OmniAb, Inc.",416.28M,3.44,-3.64%,Biotechnology,"464,267",-,https://stockanalysis.com/stocks/oabi/
PRTC,PureTech Health plc,408.88M,17.60,-,Biotechnology,"1,040",-,https://stockanalysis.com/stocks/prtc/
ORGO,Organogenesis Holdings Inc.,399.06M,3.01,-3.83%,Drug Manufacturers - Specialty & Generic,"369,133",-,https://stockanalysis.com/stocks/orgo/
ENGN,enGene Holdings Inc.,387.93M,7.61,-6.05%,Biotechnology,"134,919",-,https://stockanalysis.com/stocks/engn/
KALV,"KalVista Pharmaceuticals, Inc.",387.93M,7.85,-4.73%,Biotechnology,"418,387",-,https://stockanalysis.com/stocks/kalv/
AKBA,"Akebia Therapeutics, Inc.",381.82M,1.75,-2.23%,Drug Manufacturers - Specialty & Generic,"2,242,467",-,https://stockanalysis.com/stocks/akba/
ALMS,Alumis Inc.,380.85M,7.00,-8.97%,Biotechnology,"208,484",-,https://stockanalysis.com/stocks/alms/
AURA,"Aura Biosciences, Inc.",379.63M,7.60,-3.80%,Biotechnology,"224,516",-,https://stockanalysis.com/stocks/aura/
THRD,"Third Harmonic Bio, Inc.",376.24M,8.35,-22.61%,Biotechnology,"741,801",-,https://stockanalysis.com/stocks/thrd/
PRME,"Prime Medicine, Inc.",375.13M,2.94,-6.67%,Biotechnology,"1,001,334",-,https://stockanalysis.com/stocks/prme/
OLMA,"Olema Pharmaceuticals, Inc.",373.98M,5.04,-12.35%,Biotechnology,"1,180,386",-,https://stockanalysis.com/stocks/olma/
RGNX,REGENXBIO Inc.,372.08M,7.51,-9.41%,Biotechnology,"797,681",-,https://stockanalysis.com/stocks/rgnx/
VALN,Valneva SE,368.24M,4.54,-2.37%,Biotechnology,"48,945",-,https://stockanalysis.com/stocks/valn/
TSHA,"Taysha Gene Therapies, Inc.",360.70M,1.76,-8.81%,Biotechnology,"1,795,011",-,https://stockanalysis.com/stocks/tsha/
CDXS,"Codexis, Inc.",357.25M,4.39,-7.77%,Biotechnology,"583,178",-,https://stockanalysis.com/stocks/cdxs/
NMRA,"Neumora Therapeutics, Inc.",357.05M,2.21,-6.75%,Biotechnology,"4,978,057",-,https://stockanalysis.com/stocks/nmra/
GLUE,"Monte Rosa Therapeutics, Inc.",350.19M,5.70,-4.84%,Biotechnology,"1,088,473",-,https://stockanalysis.com/stocks/glue/
ETON,"Eton Pharmaceuticals, Inc.",347.24M,13.44,11.91%,Drug Manufacturers - Specialty & Generic,"356,556",-,https://stockanalysis.com/stocks/eton/
PGEN,"Precigen, Inc.",344.12M,1.18,-0.42%,Biotechnology,"902,637",-,https://stockanalysis.com/stocks/pgen/
CTNM,"Contineum Therapeutics, Inc.",342.59M,13.29,-0.60%,Biotechnology,"159,527",-,https://stockanalysis.com/stocks/ctnm/
CRVS,"Corvus Pharmaceuticals, Inc.",342.49M,5.33,-5.66%,Biotechnology,"514,724",-,https://stockanalysis.com/stocks/crvs/
RVNC,"Revance Therapeutics, Inc.",340.93M,3.25,-4.13%,Biotechnology,"4,371,816",-,https://stockanalysis.com/stocks/rvnc/
SAGE,"Sage Therapeutics, Inc.",339.51M,5.55,-5.13%,Biotechnology,"1,047,554",-,https://stockanalysis.com/stocks/sage/
ZBIO,"Zenas BioPharma, Inc.",339.34M,8.12,-12.50%,Biotechnology,"216,775",-,https://stockanalysis.com/stocks/zbio/
KRRO,"Korro Bio, Inc.",330.32M,35.26,-6.27%,Biotechnology,"107,189",-,https://stockanalysis.com/stocks/krro/
ABSI,Absci Corporation,327.91M,2.86,-11.34%,Biotechnology,"8,268,262",-,https://stockanalysis.com/stocks/absi/
TNGX,"Tango Therapeutics, Inc.",314.20M,2.93,-9.44%,Biotechnology,"591,046",-,https://stockanalysis.com/stocks/tngx/
YMAB,"Y-mAbs Therapeutics, Inc.",308.60M,6.89,-6.77%,Biotechnology,"495,003",-,https://stockanalysis.com/stocks/ymab/
VYGR,"Voyager Therapeutics, Inc.",297.71M,5.45,-4.89%,Biotechnology,"606,570",11.69,https://stockanalysis.com/stocks/vygr/
XOMA,XOMA Royalty Corporation,296.69M,25.18,-2.18%,Biotechnology,"34,559",-,https://stockanalysis.com/stocks/xoma/
ATYR,"aTyr Pharma, Inc.",296.32M,3.53,-5.62%,Biotechnology,"881,082",-,https://stockanalysis.com/stocks/atyr/
ALDX,"Aldeyra Therapeutics, Inc.",294.18M,4.94,-3.33%,Biotechnology,"493,401",-,https://stockanalysis.com/stocks/aldx/
TRVI,"Trevi Therapeutics, Inc.",293.63M,3.82,-5.21%,Biotechnology,"622,545",-,https://stockanalysis.com/stocks/trvi/
CMRX,"Chimerix, Inc.",292.29M,3.25,-6.88%,Biotechnology,"1,460,197",-,https://stockanalysis.com/stocks/cmrx/
NGNE,Neurogene Inc.,290.86M,19.58,-8.89%,Biotechnology,"190,316",-,https://stockanalysis.com/stocks/ngne/
IMMP,Immutep Limited,290.65M,2.01,0.50%,Biotechnology,"59,845",-,https://stockanalysis.com/stocks/immp/
RIGL,"Rigel Pharmaceuticals, Inc.",286.24M,16.25,-,Biotechnology,"212,459",73.39,https://stockanalysis.com/stocks/rigl/
RZLT,"Rezolute, Inc.",283.92M,4.90,-5.95%,Biotechnology,"471,571",-,https://stockanalysis.com/stocks/rzlt/
ITOS,"iTeos Therapeutics, Inc.",283.50M,7.76,-0.64%,Biotechnology,"406,624",-,https://stockanalysis.com/stocks/itos/
SLN,Silence Therapeutics plc,282.82M,5.99,-5.52%,Biotechnology,"187,314",-,https://stockanalysis.com/stocks/sln/
AQST,"Aquestive Therapeutics, Inc.",280.83M,3.08,-1.60%,Drug Manufacturers - Specialty & Generic,"1,908,586",-,https://stockanalysis.com/stocks/aqst/
LXRX,"Lexicon Pharmaceuticals, Inc.",276.98M,0.77,-10.86%,Biotechnology,"6,623,526",-,https://stockanalysis.com/stocks/lxrx/
AVIR,"Atea Pharmaceuticals, Inc.",276.19M,3.27,-2.10%,Biotechnology,"587,674",-,https://stockanalysis.com/stocks/avir/
DRUG,Bright Minds Biosciences Inc.,271.10M,38.89,-5.24%,Biotechnology,"48,725",-,https://stockanalysis.com/stocks/drug/
ACIU,AC Immune SA,269.12M,2.72,-2.86%,Biotechnology,"72,857",-,https://stockanalysis.com/stocks/aciu/
VNDA,Vanda Pharmaceuticals Inc.,268.22M,4.60,-1.08%,Biotechnology,"544,929",-,https://stockanalysis.com/stocks/vnda/
CADL,"Candel Therapeutics, Inc.",265.65M,8.18,-6.30%,Biotechnology,"991,635",-,https://stockanalysis.com/stocks/cadl/
CDTX,"Cidara Therapeutics, Inc.",262.53M,24.00,-3.54%,Biotechnology,"136,301",-,https://stockanalysis.com/stocks/cdtx/
CCCC,"C4 Therapeutics, Inc.",258.71M,3.67,-4.56%,Biotechnology,"980,387",-,https://stockanalysis.com/stocks/cccc/
CGC,Canopy Growth Corporation,256.89M,2.45,-7.89%,Drug Manufacturers - Specialty & Generic,"7,676,758",-,https://stockanalysis.com/stocks/cgc/
DSGN,"Design Therapeutics, Inc.",255.93M,4.52,-10.94%,Biotechnology,"293,303",-,https://stockanalysis.com/stocks/dsgn/
BNTC,Benitec Biopharma Inc.,255.38M,11.00,-0.54%,Biotechnology,"40,775",-,https://stockanalysis.com/stocks/bntc/
FDMT,"4D Molecular Therapeutics, Inc.",255.18M,5.52,-5.48%,Biotechnology,"696,835",-,https://stockanalysis.com/stocks/fdmt/
VSTM,"Verastem, Inc.",255.02M,5.73,-2.88%,Biotechnology,"969,494",-,https://stockanalysis.com/stocks/vstm/
TVGN,Tevogen Bio Holdings Inc.,253.82M,1.45,12.40%,Biotechnology,"1,505,166",-,https://stockanalysis.com/stocks/tvgn/
ATAI,Atai Life Sciences N.V.,251.70M,1.50,-7.41%,Biotechnology,"2,465,307",-,https://stockanalysis.com/stocks/atai/
PRQR,ProQR Therapeutics N.V.,249.75M,2.42,-7.63%,Biotechnology,"346,919",-,https://stockanalysis.com/stocks/prqr/
CMPX,"Compass Therapeutics, Inc.",243.53M,1.77,-4.84%,Biotechnology,"2,587,567",-,https://stockanalysis.com/stocks/cmpx/
SGMO,"Sangamo Therapeutics, Inc.",243.07M,1.17,-4.12%,Biotechnology,"5,137,887",-,https://stockanalysis.com/stocks/sgmo/
ELDN,"Eledon Pharmaceuticals, Inc.",241.35M,4.04,-6.05%,Biotechnology,"233,376",-,https://stockanalysis.com/stocks/eldn/
ABEO,Abeona Therapeutics Inc.,241.26M,5.55,-6.88%,Biotechnology,"361,769",-,https://stockanalysis.com/stocks/abeo/
FHTX,Foghorn Therapeutics Inc.,239.05M,4.30,-7.53%,Biotechnology,"179,027",-,https://stockanalysis.com/stocks/fhtx/
AMLX,"Amylyx Pharmaceuticals, Inc.",238.29M,3.50,-7.16%,Biotechnology,"1,598,689",-,https://stockanalysis.com/stocks/amlx/
HRTX,"Heron Therapeutics, Inc.",235.75M,1.55,-3.13%,Biotechnology,"1,087,060",-,https://stockanalysis.com/stocks/hrtx/
FULC,"Fulcrum Therapeutics, Inc.",235.71M,4.37,-2.46%,Biotechnology,"737,360",-,https://stockanalysis.com/stocks/fulc/
LRMR,"Larimar Therapeutics, Inc.",233.53M,3.66,-3.43%,Biotechnology,"584,629",-,https://stockanalysis.com/stocks/lrmr/
LFCR,"Lifecore Biomedical, Inc.",232.89M,6.29,8.45%,Drug Manufacturers - Specialty & Generic,"317,533",-,https://stockanalysis.com/stocks/lfcr/
OCGN,"Ocugen, Inc.",229.15M,0.79,-5.33%,Biotechnology,"3,917,379",-,https://stockanalysis.com/stocks/ocgn/
ANIK,"Anika Therapeutics, Inc.",228.03M,15.57,-2.32%,Drug Manufacturers - Specialty & Generic,"97,629",-,https://stockanalysis.com/stocks/anik/
ARTV,"Artiva Biotherapeutics, Inc.",227.11M,9.35,-8.87%,Biotechnology,"110,517",-,https://stockanalysis.com/stocks/artv/
DRTS,Alpha Tau Medical Ltd.,226.43M,3.23,-9.01%,Biotechnology,"127,027",-,https://stockanalysis.com/stocks/drts/
ACB,Aurora Cannabis Inc.,226.03M,4.13,-6.56%,Drug Manufacturers - Specialty & Generic,"781,527",-,https://stockanalysis.com/stocks/acb/
DMAC,DiaMedica Therapeutics Inc.,225.35M,5.27,-3.48%,Biotechnology,"65,163",-,https://stockanalysis.com/stocks/dmac/
NAUT,"Nautilus Biotechnology, Inc.",220.99M,1.76,-3.30%,Biotechnology,"167,156",-,https://stockanalysis.com/stocks/naut/
GOSS,"Gossamer Bio, Inc.",220.28M,0.97,-7.42%,Biotechnology,"806,205",-,https://stockanalysis.com/stocks/goss/
ZYBT,Zhengye Biotechnology Holding Limited,217.73M,4.62,2.58%,Drug Manufacturers - Specialty & Generic,"501,442",75.51,https://stockanalysis.com/stocks/zybt/
LXEO,"Lexeo Therapeutics, Inc.",211.29M,6.39,-6.31%,Biotechnology,"267,346",-,https://stockanalysis.com/stocks/lxeo/
OBIO,"Orchestra BioMed Holdings, Inc.",207.93M,5.47,1.86%,Biotechnology,"165,732",-,https://stockanalysis.com/stocks/obio/
SLRN,"Acelyrin, Inc.",206.67M,2.06,-3.74%,Biotechnology,"1,379,707",-,https://stockanalysis.com/stocks/slrn/
INBX,"Inhibrx Biosciences, Inc.",205.70M,14.21,-5.14%,Biotechnology,"75,679",0.12,https://stockanalysis.com/stocks/inbx/
HURA,"TuHURA Biosciences, Inc.",203.85M,4.85,16.31%,Biotechnology,"844,022",-,https://stockanalysis.com/stocks/hura/
OGI,Organigram Holdings Inc.,201.51M,1.57,-4.27%,Drug Manufacturers - Specialty & Generic,"674,172",-,https://stockanalysis.com/stocks/ogi/
MGNX,"MacroGenics, Inc.",199.59M,3.18,-5.07%,Biotechnology,"404,469",-,https://stockanalysis.com/stocks/mgnx/
IKT,"Inhibikase Therapeutics, Inc.",198.22M,2.95,-4.84%,Biotechnology,"178,433",-,https://stockanalysis.com/stocks/ikt/
ZNTL,"Zentalis Pharmaceuticals, Inc.",195.98M,2.75,-1.08%,Biotechnology,"2,531,796",-,https://stockanalysis.com/stocks/zntl/
VOR,Vor Biopharma Inc.,193.67M,1.56,-4.60%,Biotechnology,"587,425",-,https://stockanalysis.com/stocks/vor/
IVA,Inventiva S.A.,190.71M,2.17,-2.25%,Biotechnology,"1,781",-,https://stockanalysis.com/stocks/iva/
NKTR,Nektar Therapeutics,189.99M,1.03,-9.65%,Biotechnology,"1,636,136",-,https://stockanalysis.com/stocks/nktr/
CRDF,"Cardiff Oncology, Inc.",184.59M,3.61,-7.55%,Biotechnology,"1,148,129",-,https://stockanalysis.com/stocks/crdf/
MOLN,Molecular Partners AG,182.60M,4.98,-5.97%,Biotechnology,"3,071",-,https://stockanalysis.com/stocks/moln/
CLLS,Cellectis S.A.,182.55M,1.85,-4.15%,Biotechnology,"125,259",-,https://stockanalysis.com/stocks/clls/
ADCT,ADC Therapeutics SA,181.78M,1.88,-2.08%,Biotechnology,"707,711",-,https://stockanalysis.com/stocks/adct/
PROC,Procaps Group S.A.,180.52M,1.60,-4.76%,Drug Manufacturers - Specialty & Generic,"65,049",3.10,https://stockanalysis.com/stocks/proc/
MDWD,MediWound Ltd.,180.41M,16.72,4.43%,Biotechnology,"114,584",-,https://stockanalysis.com/stocks/mdwd/
VXRT,"Vaxart, Inc.",179.66M,0.79,-2.42%,Biotechnology,"1,815,972",-,https://stockanalysis.com/stocks/vxrt/
RAPT,"RAPT Therapeutics, Inc.",178.14M,1.32,-8.97%,Biotechnology,"2,356,433",-,https://stockanalysis.com/stocks/rapt/
CYBN,Cybin Inc.,177.81M,8.89,-7.01%,Biotechnology,"214,432",-,https://stockanalysis.com/stocks/cybn/
BIOA,"BioAge Labs, Inc.",177.09M,4.94,-2.95%,Drug Manufacturers - Specialty & Generic,"367,558",-,https://stockanalysis.com/stocks/bioa/
LYEL,"Lyell Immunopharma, Inc.",176.47M,0.60,-7.32%,Biotechnology,"884,326",-,https://stockanalysis.com/stocks/lyel/
ALEC,"Alector, Inc.",176.28M,1.80,-4.26%,Biotechnology,"739,751",-,https://stockanalysis.com/stocks/alec/
GNFT,Genfit S.A.,175.05M,3.60,-,Biotechnology,"4,255",7.34,https://stockanalysis.com/stocks/gnft/
ACRV,"Acrivon Therapeutics, Inc.",170.32M,5.47,-10.33%,Biotechnology,"41,797",-,https://stockanalysis.com/stocks/acrv/
SCPH,scPharmaceuticals Inc.,170.14M,3.40,-0.58%,Biotechnology,"398,468",-,https://stockanalysis.com/stocks/scph/
CHRS,"Coherus BioSciences, Inc.",169.36M,1.47,-2.65%,Biotechnology,"1,382,768",-,https://stockanalysis.com/stocks/chrs/
PLX,"Protalix BioTherapeutics, Inc.",167.15M,2.27,-,Biotechnology,"406,862",-,https://stockanalysis.com/stocks/plx/
FATE,"Fate Therapeutics, Inc.",166.86M,1.47,-12.28%,Biotechnology,"4,062,275",-,https://stockanalysis.com/stocks/fate/
SGMT,Sagimet Biosciences Inc.,166.77M,5.18,-3.54%,Biotechnology,"1,383,434",-,https://stockanalysis.com/stocks/sgmt/
NKTX,"Nkarta, Inc.",165.84M,2.35,-1.67%,Biotechnology,"1,012,212",-,https://stockanalysis.com/stocks/nktx/
GLSI,"Greenwich LifeSciences, Inc.",162.73M,12.38,-7.27%,Biotechnology,"72,508",-,https://stockanalysis.com/stocks/glsi/
PBYI,"Puma Biotechnology, Inc.",162.48M,3.31,-6.76%,Biotechnology,"791,733",7.11,https://stockanalysis.com/stocks/pbyi/
FENC,Fennec Pharmaceuticals Inc.,162.35M,5.91,-2.80%,Biotechnology,"71,506",-,https://stockanalysis.com/stocks/fenc/
ACTU,"Actuate Therapeutics, Inc.",162.11M,8.30,3.75%,Biotechnology,"46,667",-,https://stockanalysis.com/stocks/actu/
ADAP,Adaptimmune Therapeutics plc,158.65M,0.62,0.02%,Biotechnology,"1,797,036",-,https://stockanalysis.com/stocks/adap/
TCRX,"TScan Therapeutics, Inc.",156.52M,2.77,-2.81%,Biotechnology,"739,796",-,https://stockanalysis.com/stocks/tcrx/
CKPT,"Checkpoint Therapeutics, Inc.",154.31M,3.16,-1.56%,Biotechnology,"831,118",-,https://stockanalysis.com/stocks/ckpt/
STRO,"Sutro Biopharma, Inc.",152.55M,1.85,-5.13%,Biotechnology,"941,922",-,https://stockanalysis.com/stocks/stro/
IPHA,Innate Pharma S.A.,149.79M,1.77,-1.67%,Biotechnology,"74,986",-,https://stockanalysis.com/stocks/ipha/
KYTX,"Kyverna Therapeutics, Inc.",148.94M,3.45,-9.21%,Biotechnology,"388,773",-,https://stockanalysis.com/stocks/kytx/
CRBU,"Caribou Biosciences, Inc.",148.51M,1.64,-4.65%,Biotechnology,"2,084,207",-,https://stockanalysis.com/stocks/crbu/
VTYX,"Ventyx Biosciences, Inc.",147.08M,2.08,-7.56%,Biotechnology,"875,985",-,https://stockanalysis.com/stocks/vtyx/
SLDB,Solid Biosciences Inc.,147.03M,3.68,-8.68%,Biotechnology,"962,335",-,https://stockanalysis.com/stocks/sldb/
CGEN,Compugen Ltd.,146.84M,1.64,3.14%,Biotechnology,"1,190,578",91.54,https://stockanalysis.com/stocks/cgen/
BMEA,"Biomea Fusion, Inc.",144.23M,3.98,-6.79%,Biotechnology,"801,079",-,https://stockanalysis.com/stocks/bmea/
MCRB,"Seres Therapeutics, Inc.",144.15M,0.84,-0.67%,Biotechnology,"749,273",-,https://stockanalysis.com/stocks/mcrb/
NBTX,Nanobiotix S.A.,144.09M,2.83,-1.05%,Biotechnology,"44,172",-,https://stockanalysis.com/stocks/nbtx/
CRBP,"Corbus Pharmaceuticals Holdings, Inc.",143.60M,11.79,-5.23%,Biotechnology,"152,142",-,https://stockanalysis.com/stocks/crbp/
SEER,"Seer, Inc.",141.52M,2.40,-0.41%,Biotechnology,"158,027",-,https://stockanalysis.com/stocks/seer/
ZURA,Zura Bio Limited,141.03M,2.16,-0.23%,Biotechnology,"314,071",-,https://stockanalysis.com/stocks/zura/
MIST,Milestone Pharmaceuticals Inc.,137.78M,2.08,-5.45%,Biotechnology,"809,673",-,https://stockanalysis.com/stocks/mist/
SAVA,"Cassava Sciences, Inc.",136.15M,2.83,0.18%,Biotechnology,"1,550,932",-,https://stockanalysis.com/stocks/sava/
CLYM,"Climb Bio, Inc.",134.45M,2.00,6.95%,Biotechnology,"1,706,221",-,https://stockanalysis.com/stocks/clym/
MNPR,Monopar Therapeutics Inc.,133.79M,25.35,3.64%,Biotechnology,"38,506",-,https://stockanalysis.com/stocks/mnpr/
IFRX,InflaRx N.V.,131.31M,2.23,-4.29%,Biotechnology,"95,143",-,https://stockanalysis.com/stocks/ifrx/
CSBR,"Champions Oncology, Inc.",129.73M,9.47,-1.97%,Biotechnology,"41,096",-,https://stockanalysis.com/stocks/csbr/
TIL,"Instil Bio, Inc.",129.54M,19.85,-9.77%,Biotechnology,"96,714",-,https://stockanalysis.com/stocks/til/
TSVT,"2seventy bio, Inc.",128.46M,2.49,-7.43%,Biotechnology,"394,397",-,https://stockanalysis.com/stocks/tsvt/
INZY,"Inozyme Pharma, Inc.",128.16M,2.00,-28.75%,Biotechnology,"2,215,260",-,https://stockanalysis.com/stocks/inzy/
LCTX,"Lineage Cell Therapeutics, Inc.",127.84M,0.58,8.98%,Biotechnology,"1,474,352",-,https://stockanalysis.com/stocks/lctx/
RENB,Renovaro Inc.,125.77M,0.79,-4.99%,Biotechnology,"1,212,493",-,https://stockanalysis.com/stocks/renb/
ALGS,"Aligos Therapeutics, Inc.",125.12M,33.71,-12.19%,Biotechnology,"665,087",-,https://stockanalysis.com/stocks/algs/
IGMS,"IGM Biosciences, Inc.",124.28M,2.09,-66.29%,Biotechnology,"5,706,826",-,https://stockanalysis.com/stocks/igms/
INMB,"INmune Bio, Inc.",121.73M,5.49,3.58%,Biotechnology,"282,226",-,https://stockanalysis.com/stocks/inmb/
TELO,"Telomir Pharmaceuticals, Inc.",121.70M,4.11,-4.42%,Biotechnology,"224,368",-,https://stockanalysis.com/stocks/telo/
XBIT,XBiotech Inc.,118.28M,3.88,-3.24%,Biotechnology,"51,165",-,https://stockanalysis.com/stocks/xbit/
ANRO,"Alto Neuroscience, Inc.",117.32M,4.35,-1.36%,Biotechnology,"260,250",-,https://stockanalysis.com/stocks/anro/
LPTX,"Leap Therapeutics, Inc.",117.25M,3.06,-9.60%,Biotechnology,"300,018",-,https://stockanalysis.com/stocks/lptx/
MGX,"Metagenomi, Inc.",117.14M,3.13,1.29%,Biotechnology,"503,245",-,https://stockanalysis.com/stocks/mgx/
ACHV,"Achieve Life Sciences, Inc.",116.24M,3.38,-3.98%,Biotechnology,"235,644",-,https://stockanalysis.com/stocks/achv/
TNYA,"Tenaya Therapeutics, Inc.",115.66M,1.46,2.82%,Biotechnology,"1,912,113",-,https://stockanalysis.com/stocks/tnya/
TARA,"Protara Therapeutics, Inc.",114.70M,5.56,-5.92%,Biotechnology,"371,854",-,https://stockanalysis.com/stocks/tara/
VERU,Veru Inc.,114.44M,0.78,7.69%,Biotechnology,"4,384,261",-,https://stockanalysis.com/stocks/veru/
ATOS,"Atossa Therapeutics, Inc.",113.69M,0.90,-2.27%,Biotechnology,"1,187,707",-,https://stockanalysis.com/stocks/atos/
NVCT,"Nuvectis Pharma, Inc.",112.25M,5.81,-5.83%,Biotechnology,"70,555",-,https://stockanalysis.com/stocks/nvct/
BDTX,"Black Diamond Therapeutics, Inc.",109.21M,1.93,-4.93%,Biotechnology,"528,156",-,https://stockanalysis.com/stocks/bdtx/
ENTA,"Enanta Pharmaceuticals, Inc.",107.88M,5.09,-1.36%,Biotechnology,"854,102",-,https://stockanalysis.com/stocks/enta/
EPRX,Eupraxia Pharmaceuticals Inc.,106.60M,3.00,-1.64%,Biotechnology,"2,752",-,https://stockanalysis.com/stocks/eprx/
JSPR,"Jasper Therapeutics, Inc.",105.76M,7.05,0.86%,Biotechnology,"2,403,674",-,https://stockanalysis.com/stocks/jspr/
OSTX,OS Therapies Incorporated,105.55M,4.97,-2.93%,Biotechnology,"34,945",-,https://stockanalysis.com/stocks/ostx/
CRDL,Cardiol Therapeutics Inc.,105.14M,1.28,-4.48%,Drug Manufacturers - Specialty & Generic,"271,956",-,https://stockanalysis.com/stocks/crdl/
EDIT,"Editas Medicine, Inc.",104.01M,1.26,-5.97%,Biotechnology,"2,527,086",-,https://stockanalysis.com/stocks/edit/
CABA,"Cabaletta Bio, Inc.",101.42M,2.08,-10.56%,Biotechnology,"1,745,991",-,https://stockanalysis.com/stocks/caba/
ASMB,"Assembly Biosciences, Inc.",99.29M,15.62,-7.79%,Biotechnology,"33,875",-,https://stockanalysis.com/stocks/asmb/
ABOS,"Acumen Pharmaceuticals, Inc.",99.13M,1.65,-2.94%,Biotechnology,"357,802",-,https://stockanalysis.com/stocks/abos/
OKUR,"OnKure Therapeutics, Inc.",99.11M,7.43,-4.87%,Biotechnology,"409,344",-,https://stockanalysis.com/stocks/okur/
HLVX,"HilleVax, Inc.",98.88M,2.05,-1.91%,Biotechnology,"198,130",-,https://stockanalysis.com/stocks/hlvx/
XFOR,"X4 Pharmaceuticals, Inc.",97.23M,0.57,-10.40%,Biotechnology,"1,613,547",-,https://stockanalysis.com/stocks/xfor/
PEPG,PepGen Inc.,96.81M,2.97,-13.91%,Biotechnology,"165,830",-,https://stockanalysis.com/stocks/pepg/
COYA,"Coya Therapeutics, Inc.",96.40M,5.77,-4.94%,Biotechnology,"26,359",-,https://stockanalysis.com/stocks/coya/
ORMP,Oramed Pharmaceuticals Inc.,96.35M,2.39,0.42%,Biotechnology,"88,518",21.83,https://stockanalysis.com/stocks/ormp/
MNOV,"MediciNova, Inc.",96.13M,1.96,-1.51%,Biotechnology,"29,336",-,https://stockanalysis.com/stocks/mnov/
CUE,"Cue Biopharma, Inc.",95.66M,1.51,4.14%,Biotechnology,"112,978",-,https://stockanalysis.com/stocks/cue/
IMUX,"Immunic, Inc.",94.58M,1.05,-4.55%,Biotechnology,"714,361",-,https://stockanalysis.com/stocks/imux/
ALXO,ALX Oncology Holdings Inc.,93.36M,1.77,-4.32%,Biotechnology,"1,077,514",-,https://stockanalysis.com/stocks/alxo/
RGLS,Regulus Therapeutics Inc.,92.36M,1.41,-5.37%,Biotechnology,"282,317",-,https://stockanalysis.com/stocks/rgls/
PYXS,"Pyxis Oncology, Inc.",92.17M,1.55,-3.73%,Biotechnology,"814,595",-,https://stockanalysis.com/stocks/pyxs/
DBVT,DBV Technologies S.A.,91.83M,4.97,29.77%,Biotechnology,"795,332",-,https://stockanalysis.com/stocks/dbvt/
TLSA,Tiziana Life Sciences Ltd,91.63M,0.84,14.13%,Biotechnology,"2,199,273",-,https://stockanalysis.com/stocks/tlsa/
KPTI,Karyopharm Therapeutics Inc.,90.68M,0.72,0.36%,Biotechnology,"845,212",-,https://stockanalysis.com/stocks/kpti/
ENTX,Entera Bio Ltd.,90.24M,2.45,-,Biotechnology,"31,722",-,https://stockanalysis.com/stocks/entx/
ATRA,"Atara Biotherapeutics, Inc.",89.56M,15.55,-5.93%,Biotechnology,"80,175",-,https://stockanalysis.com/stocks/atra/
GUTS,"Fractyl Health, Inc.",88.98M,1.85,-2.63%,Biotechnology,"245,158",-,https://stockanalysis.com/stocks/guts/
MRSN,"Mersana Therapeutics, Inc.",88.94M,0.72,-44.62%,Biotechnology,"57,515,422",-,https://stockanalysis.com/stocks/mrsn/
ADVM,"Adverum Biotechnologies, Inc.",88.83M,4.27,-5.53%,Biotechnology,"215,824",-,https://stockanalysis.com/stocks/advm/
AADI,"Aadi Bioscience, Inc.",88.73M,3.60,-,Biotechnology,"566,513",-,https://stockanalysis.com/stocks/aadi/
GNLX,Genelux Corporation,87.99M,2.58,1.18%,Biotechnology,"59,676",-,https://stockanalysis.com/stocks/gnlx/
GNTA,Genenta Science S.p.A.,86.88M,4.75,-9.00%,Biotechnology,"8,445",-,https://stockanalysis.com/stocks/gnta/
ALLK,Allakos Inc.,86.56M,0.97,-1.06%,Biotechnology,"152,485",-,https://stockanalysis.com/stocks/allk/
THTX,Theratechnologies Inc.,85.67M,1.87,-6.27%,Biotechnology,"178,329",-,https://stockanalysis.com/stocks/thtx/
ADAG,Adagene Inc.,85.66M,1.94,-1.28%,Biotechnology,"31,397",-,https://stockanalysis.com/stocks/adag/
IMAB,I-Mab,85.58M,1.05,-4.55%,Biotechnology,"462,917",-,https://stockanalysis.com/stocks/imab/
IPSC,"Century Therapeutics, Inc.",84.18M,0.99,-7.48%,Biotechnology,"688,877",-,https://stockanalysis.com/stocks/ipsc/
SKYE,"Skye Bioscience, Inc.",84.04M,2.77,-10.65%,Biotechnology,"160,317",-,https://stockanalysis.com/stocks/skye/
VTGN,"Vistagen Therapeutics, Inc.",82.70M,2.97,-1.98%,Biotechnology,"171,104",-,https://stockanalysis.com/stocks/vtgn/
CTOR,"Citius Oncology, Inc.",82.29M,1.15,-2.54%,Drug Manufacturers - Specialty & Generic,"104,267",-,https://stockanalysis.com/stocks/ctor/
BLUE,"bluebird bio, Inc.",82.25M,8.46,-,Biotechnology,"158,158",-,https://stockanalysis.com/stocks/blue/
CAMP,Camp4 Therapeutics Corporation,81.85M,4.06,-8.76%,Biotechnology,"58,081",-,https://stockanalysis.com/stocks/camp/
CNTX,Context Therapeutics Inc.,81.00M,1.08,-10.74%,Biotechnology,"270,346",-,https://stockanalysis.com/stocks/cntx/
DERM,Journey Medical Corporation,80.01M,3.83,-4.25%,Drug Manufacturers - Specialty & Generic,"107,614",-,https://stockanalysis.com/stocks/derm/
ASRT,"Assertio Holdings, Inc.",79.86M,0.84,0.69%,Drug Manufacturers - Specialty & Generic,"507,885",-,https://stockanalysis.com/stocks/asrt/
APLT,"Applied Therapeutics, Inc.",79.02M,0.68,-6.40%,Biotechnology,"8,236,882",-,https://stockanalysis.com/stocks/aplt/
QNCX,"Quince Therapeutics, Inc.",78.76M,1.79,-4.79%,Biotechnology,"345,289",-,https://stockanalysis.com/stocks/qncx/
EPIX,ESSA Pharma Inc.,77.24M,1.74,-4.40%,Biotechnology,"174,800",-,https://stockanalysis.com/stocks/epix/
INCR,InterCure Ltd.,75.91M,1.68,0.30%,Drug Manufacturers - Specialty & Generic,"20,200",-,https://stockanalysis.com/stocks/incr/
ARMP,"Armata Pharmaceuticals, Inc.",75.60M,2.09,0.97%,Biotechnology,"7,799",-,https://stockanalysis.com/stocks/armp/
ACET,"Adicet Bio, Inc.",75.57M,0.92,-4.47%,Biotechnology,"395,228",-,https://stockanalysis.com/stocks/acet/
PMVP,"PMV Pharmaceuticals, Inc.",75.55M,1.46,-3.31%,Biotechnology,"438,888",-,https://stockanalysis.com/stocks/pmvp/
IKNA,"Ikena Oncology, Inc.",75.28M,1.56,-2.50%,Biotechnology,"123,818",-,https://stockanalysis.com/stocks/ikna/
CLSD,"Clearside Biomedical, Inc.",74.33M,0.98,0.74%,Biotechnology,"120,172",-,https://stockanalysis.com/stocks/clsd/
AVTE,"Aerovate Therapeutics, Inc.",73.63M,2.55,-3.41%,Biotechnology,"842,780",-,https://stockanalysis.com/stocks/avte/
ANL,Adlai Nortye Ltd.,73.36M,1.99,-0.60%,Biotechnology,"8,658",-,https://stockanalysis.com/stocks/anl/
AVTX,"Avalo Therapeutics, Inc.",73.25M,7.00,-0.43%,Biotechnology,"89,467",-,https://stockanalysis.com/stocks/avtx/
VIGL,"Vigil Neuroscience, Inc.",73.09M,1.79,-2.72%,Biotechnology,"155,041",-,https://stockanalysis.com/stocks/vigl/
AGEN,Agenus Inc.,73.07M,3.12,-8.38%,Biotechnology,"290,606",-,https://stockanalysis.com/stocks/agen/
ANIX,"Anixa Biosciences, Inc.",72.44M,2.25,-,Biotechnology,"46,809",-,https://stockanalysis.com/stocks/anix/
RANI,"Rani Therapeutics Holdings, Inc.",71.78M,1.25,-8.09%,Biotechnology,"551,332",-,https://stockanalysis.com/stocks/rani/
VANI,"Vivani Medical, Inc.",71.67M,1.21,-0.82%,Biotechnology,"59,164",-,https://stockanalysis.com/stocks/vani/
CBUS,"Cibus, Inc.",70.96M,2.40,-6.80%,Biotechnology,"165,386",-,https://stockanalysis.com/stocks/cbus/
GALT,Galectin Therapeutics Inc.,69.04M,1.10,-2.65%,Biotechnology,"465,716",-,https://stockanalysis.com/stocks/galt/
ABP,"Abpro Holdings, Inc.",68.96M,1.37,5.81%,Biotechnology,"53,668",-,https://stockanalysis.com/stocks/abp/
UNCY,"Unicycive Therapeutics, Inc.",68.96M,0.66,-10.81%,Biotechnology,"1,924,417",-,https://stockanalysis.com/stocks/uncy/
CTMX,"CytomX Therapeutics, Inc.",68.88M,0.88,-10.45%,Biotechnology,"1,520,069",5.45,https://stockanalysis.com/stocks/ctmx/
ANVS,"Annovis Bio, Inc.",67.47M,4.89,-5.23%,Biotechnology,"283,744",-,https://stockanalysis.com/stocks/anvs/
RMTI,"Rockwell Medical, Inc.",67.22M,2.08,-2.35%,Drug Manufacturers - Specialty & Generic,"304,420",-,https://stockanalysis.com/stocks/rmti/
SLS,"SELLAS Life Sciences Group, Inc.",67.04M,0.95,0.22%,Biotechnology,"1,072,370",-,https://stockanalysis.com/stocks/sls/
BYSI,BeyondSpring Inc.,66.90M,1.66,-0.60%,Biotechnology,"12,184",-,https://stockanalysis.com/stocks/bysi/
ONCY,Oncolytics Biotech Inc.,66.73M,0.87,0.18%,Biotechnology,"365,300",-,https://stockanalysis.com/stocks/oncy/
MURA,Mural Oncology plc,66.44M,3.89,6.58%,Biotechnology,"577,694",-,https://stockanalysis.com/stocks/mura/
ELTX,"Elicio Therapeutics, Inc.",66.06M,6.13,8.11%,Biotechnology,"33,671",-,https://stockanalysis.com/stocks/eltx/
FBLG,"FibroBiologics, Inc.",65.96M,1.88,-8.74%,Biotechnology,"165,469",-,https://stockanalysis.com/stocks/fblg/
IMRX,Immuneering Corporation,64.27M,2.07,3.50%,Biotechnology,"1,581,356",-,https://stockanalysis.com/stocks/imrx/
RGC,Regencell Bioscience Holdings Limited,62.91M,4.83,-4.84%,Drug Manufacturers - Specialty & Generic,"1,533",-,https://stockanalysis.com/stocks/rgc/
RVPH,"Reviva Pharmaceuticals Holdings, Inc.",62.87M,1.88,0.53%,Biotechnology,"4,408,095",-,https://stockanalysis.com/stocks/rvph/
FGEN,"FibroGen, Inc.",62.07M,0.62,-5.35%,Biotechnology,"2,419,867",-,https://stockanalysis.com/stocks/fgen/
GBIO,Generation Bio Co.,61.82M,0.93,1.69%,Biotechnology,"609,361",-,https://stockanalysis.com/stocks/gbio/
HOWL,"Werewolf Therapeutics, Inc.",61.50M,1.38,-4.17%,Biotechnology,"746,007",-,https://stockanalysis.com/stocks/howl/
GANX,"Gain Therapeutics, Inc.",61.01M,2.30,-5.74%,Biotechnology,"235,881",-,https://stockanalysis.com/stocks/ganx/
VRCA,Verrica Pharmaceuticals Inc.,59.78M,0.66,-5.66%,Biotechnology,"492,108",-,https://stockanalysis.com/stocks/vrca/
CNTB,Connect Biopharma Holdings Limited,59.67M,1.08,-6.09%,Biotechnology,"1,726",-,https://stockanalysis.com/stocks/cntb/
OTLK,"Outlook Therapeutics, Inc.",59.03M,2.37,8.72%,Biotechnology,"737,082",-,https://stockanalysis.com/stocks/otlk/
LSB,"LakeShore Biopharma Co., Ltd",58.77M,3.08,-2.22%,Biotechnology,"7,489",-,https://stockanalysis.com/stocks/lsb/
RPTX,Repare Therapeutics Inc.,58.66M,1.38,7.81%,Biotechnology,"1,310,904",-,https://stockanalysis.com/stocks/rptx/
NRXP,"NRx Pharmaceuticals, Inc.",58.49M,4.85,28.99%,Biotechnology,"2,505,108",-,https://stockanalysis.com/stocks/nrxp/
PRLD,Prelude Therapeutics Incorporated,58.34M,1.06,-7.02%,Biotechnology,"326,505",-,https://stockanalysis.com/stocks/prld/
OVID,Ovid Therapeutics Inc.,58.28M,0.82,-9.80%,Biotechnology,"1,924,235",-,https://stockanalysis.com/stocks/ovid/
IMMX,"Immix Biopharma, Inc.",57.77M,2.10,-6.67%,Biotechnology,"84,432",-,https://stockanalysis.com/stocks/immx/
KRON,"Kronos Bio, Inc.",57.71M,0.96,-2.90%,Biotechnology,"270,935",-,https://stockanalysis.com/stocks/kron/
IOBT,"IO Biotech, Inc.",57.38M,0.87,1.79%,Biotechnology,"169,206",-,https://stockanalysis.com/stocks/iobt/
STTK,"Shattuck Labs, Inc.",56.81M,1.19,-3.25%,Biotechnology,"144,618",-,https://stockanalysis.com/stocks/sttk/
FBIO,"Fortress Biotech, Inc.",56.04M,2.03,-2.40%,Biotechnology,"412,898",-,https://stockanalysis.com/stocks/fbio/
IVVD,"Invivyd, Inc.",54.07M,0.45,-2.06%,Biotechnology,"13,535,010",-,https://stockanalysis.com/stocks/ivvd/
BOLD,"Boundless Bio, Inc.",53.96M,2.42,-3.20%,Biotechnology,"63,936",-,https://stockanalysis.com/stocks/bold/
MAIA,"MAIA Biotechnology, Inc.",53.70M,2.13,-,Biotechnology,"252,386",-,https://stockanalysis.com/stocks/maia/
SPRO,"Spero Therapeutics, Inc.",53.43M,0.98,-2.00%,Biotechnology,"266,412",15.14,https://stockanalysis.com/stocks/spro/
OPTN,"OptiNose, Inc.",53.24M,5.30,-6.45%,Drug Manufacturers - Specialty & Generic,"46,782",-,https://stockanalysis.com/stocks/optn/
PDSB,PDS Biotechnology Corporation,52.75M,1.41,-10.19%,Biotechnology,"683,020",-,https://stockanalysis.com/stocks/pdsb/
TNXP,Tonix Pharmaceuticals Holding Corp.,52.09M,0.28,8.87%,Biotechnology,"54,662,293",-,https://stockanalysis.com/stocks/tnxp/
INO,"Inovio Pharmaceuticals, Inc.",51.68M,1.98,-5.26%,Biotechnology,"966,808",-,https://stockanalysis.com/stocks/ino/
VYNE,VYNE Therapeutics Inc.,50.60M,3.43,-12.50%,Biotechnology,"103,386",-,https://stockanalysis.com/stocks/vyne/
ALVR,"AlloVir, Inc.",50.25M,0.44,-2.38%,Biotechnology,"178,095",-,https://stockanalysis.com/stocks/alvr/
DYAI,"Dyadic International, Inc.",48.82M,1.65,-4.35%,Biotechnology,"72,169",-,https://stockanalysis.com/stocks/dyai/
ACHL,Achilles Therapeutics plc,48.70M,1.19,-0.42%,Biotechnology,"219,421",-,https://stockanalysis.com/stocks/achl/
CELU,Celularity Inc.,48.57M,2.16,-0.46%,Biotechnology,"22,347",-,https://stockanalysis.com/stocks/celu/
XLO,"Xilio Therapeutics, Inc.",48.35M,1.10,-1.79%,Biotechnology,"229,345",-,https://stockanalysis.com/stocks/xlo/
CLGN,CollPlant Biotechnologies Ltd.,48.09M,4.20,-5.87%,Biotechnology,"16,145",-,https://stockanalysis.com/stocks/clgn/
KZR,"Kezar Life Sciences, Inc.",47.50M,6.51,-1.06%,Biotechnology,"21,202",-,https://stockanalysis.com/stocks/kzr/
SCYX,"SCYNEXIS, Inc.",46.68M,1.23,-,Drug Manufacturers - Specialty & Generic,"408,113",-,https://stockanalysis.com/stocks/scyx/
ICCC,ImmuCell Corporation,46.25M,5.19,0.39%,Biotechnology,"6,943",-,https://stockanalysis.com/stocks/iccc/
NTRB,Nutriband Inc.,45.87M,4.13,-3.28%,Biotechnology,"40,280",-,https://stockanalysis.com/stocks/ntrb/
ALRN,"Aileron Therapeutics, Inc.",45.72M,2.11,9.33%,Biotechnology,"63,385",-,https://stockanalysis.com/stocks/alrn/
ITRM,Iterum Therapeutics plc,45.40M,1.65,-8.33%,Biotechnology,"880,141",-,https://stockanalysis.com/stocks/itrm/
IRD,"Opus Genetics, Inc.",44.83M,1.42,-2.07%,Biotechnology,"150,525",-,https://stockanalysis.com/stocks/ird/
SER,"Serina Therapeutics, Inc.",44.71M,4.76,3.03%,Biotechnology,"10,744",-,https://stockanalysis.com/stocks/ser/
VTVT,vTv Therapeutics Inc.,44.02M,13.80,-2.06%,Biotechnology,"7,021",-,https://stockanalysis.com/stocks/vtvt/
DTIL,"Precision BioSciences, Inc.",43.73M,5.70,26.67%,Biotechnology,"19,154,355",3.93,https://stockanalysis.com/stocks/dtil/
ESLA,"Estrella Immunopharma, Inc.",43.05M,1.19,6.25%,Biotechnology,"17,327",-,https://stockanalysis.com/stocks/esla/
RADX,Radiopharm Theranostics Limited,42.72M,5.35,32.75%,Biotechnology,"498,700",-,https://stockanalysis.com/stocks/radx/
GRCE,"Grace Therapeutics, Inc.",42.49M,4.19,0.96%,Biotechnology,"253,567",-,https://stockanalysis.com/stocks/grce/
LTRN,Lantern Pharma Inc.,41.95M,3.89,-0.77%,Biotechnology,"26,866",-,https://stockanalysis.com/stocks/ltrn/
BRNS,Barinthus Biotherapeutics plc,41.44M,1.03,-9.65%,Biotechnology,"49,842",-,https://stockanalysis.com/stocks/brns/
TPST,"Tempest Therapeutics, Inc.",41.43M,0.95,-3.67%,Biotechnology,"1,036,614",-,https://stockanalysis.com/stocks/tpst/
PASG,"Passage Bio, Inc.",41.38M,0.67,1.67%,Biotechnology,"455,330",-,https://stockanalysis.com/stocks/pasg/
RAIN,"Rain Enhancement Technologies Holdco, Inc.",41.04M,5.45,15.96%,Biotechnology,"55,416",-,https://stockanalysis.com/stocks/rain/
CALC,"CalciMedica, Inc.",40.72M,3.02,0.67%,Biotechnology,"7,495",-,https://stockanalysis.com/stocks/calc/
QTTB,Q32 Bio Inc.,40.68M,3.34,2.14%,Biotechnology,"339,830",-,https://stockanalysis.com/stocks/qttb/
CASI,"CASI Pharmaceuticals, Inc.",40.44M,2.61,-9.53%,Biotechnology,"36,091",-,https://stockanalysis.com/stocks/casi/
CMMB,Chemomab Therapeutics Ltd.,39.98M,2.12,-4.50%,Biotechnology,"94,311",-,https://stockanalysis.com/stocks/cmmb/
ATNM,"Actinium Pharmaceuticals, Inc.",39.93M,1.28,-2.29%,Biotechnology,"214,193",-,https://stockanalysis.com/stocks/atnm/
BIVI,BioVie Inc.,39.21M,2.21,-6.36%,Biotechnology,"982,568",-,https://stockanalysis.com/stocks/bivi/
OMGA,"Omega Therapeutics, Inc.",39.09M,0.71,-8.01%,Biotechnology,"408,340",-,https://stockanalysis.com/stocks/omga/
RLYB,Rallybio Corporation,39.00M,0.94,-5.63%,Biotechnology,"73,307",-,https://stockanalysis.com/stocks/rlyb/
ELEV,"Elevation Oncology, Inc.",38.45M,0.65,-13.72%,Biotechnology,"1,838,710",-,https://stockanalysis.com/stocks/elev/
OKYO,OKYO Pharma Limited,38.24M,1.13,-11.71%,Biotechnology,"194,227",-,https://stockanalysis.com/stocks/okyo/
ANEB,"Anebulo Pharmaceuticals, Inc.",37.86M,1.46,-10.43%,Biotechnology,"19,851",-,https://stockanalysis.com/stocks/aneb/
LEXX,Lexaria Bioscience Corp.,37.70M,2.16,-2.26%,Biotechnology,"58,780",-,https://stockanalysis.com/stocks/lexx/
ANTX,"AN2 Therapeutics, Inc.",37.35M,1.25,-3.85%,Biotechnology,"178,798",-,https://stockanalysis.com/stocks/antx/
SRZN,"Surrozen, Inc.",36.24M,11.15,-12.96%,Biotechnology,"29,078",-,https://stockanalysis.com/stocks/srzn/
SABS,"SAB Biotherapeutics, Inc.",35.44M,3.84,-6.80%,Biotechnology,"51,590",-,https://stockanalysis.com/stocks/sabs/
MLEC,Moolec Science SA,34.21M,0.89,-1.08%,Biotechnology,"9,320",-,https://stockanalysis.com/stocks/mlec/
PMN,"ProMIS Neurosciences, Inc.",33.67M,1.03,0.98%,Biotechnology,"27,078",-,https://stockanalysis.com/stocks/pmn/
CPIX,Cumberland Pharmaceuticals Inc.,32.72M,2.33,4.48%,Drug Manufacturers - Specialty & Generic,"96,915",-,https://stockanalysis.com/stocks/cpix/
IXHL,Incannex Healthcare Inc.,32.64M,1.85,-0.54%,Drug Manufacturers - Specialty & Generic,"4,671",-,https://stockanalysis.com/stocks/ixhl/
INTS,"Intensity Therapeutics, Inc.",32.43M,2.15,7.91%,Biotechnology,"107,926",-,https://stockanalysis.com/stocks/ints/
RNXT,"RenovoRx, Inc.",31.90M,1.33,0.76%,Biotechnology,"48,718",-,https://stockanalysis.com/stocks/rnxt/
GDTC,CytoMed Therapeutics Limited,31.85M,2.76,20.52%,Biotechnology,"102,358",-,https://stockanalysis.com/stocks/gdtc/
CGTX,"Cognition Therapeutics, Inc.",31.61M,0.76,-3.27%,Biotechnology,"825,599",-,https://stockanalysis.com/stocks/cgtx/
KALA,"KALA BIO, Inc.",31.40M,6.81,-0.15%,Biotechnology,"31,761",-,https://stockanalysis.com/stocks/kala/
LSTA,"Lisata Therapeutics, Inc.",31.31M,3.73,-1.84%,Biotechnology,"55,885",-,https://stockanalysis.com/stocks/lsta/
UBX,"Unity Biotechnology, Inc.",30.16M,1.79,34.59%,Biotechnology,"734,073",-,https://stockanalysis.com/stocks/ubx/
AKTX,"Akari Therapeutics, Plc",30.08M,1.22,-5.08%,Biotechnology,"37,905",-,https://stockanalysis.com/stocks/aktx/
MRNS,"Marinus Pharmaceuticals, Inc.",29.63M,0.54,0.94%,Biotechnology,"2,387,451",-,https://stockanalysis.com/stocks/mrns/
ATHE,Alterity Therapeutics Limited,29.42M,3.34,-,Biotechnology,"27,759",-,https://stockanalysis.com/stocks/athe/
SLGL,Sol-Gel Technologies Ltd.,29.11M,1.05,-5.86%,Biotechnology,"160,345",-,https://stockanalysis.com/stocks/slgl/
CVKD,"Cadrenal Therapeutics, Inc.",29.00M,16.27,-1.69%,Biotechnology,"26,900",-,https://stockanalysis.com/stocks/cvkd/
INKT,"MiNK Therapeutics, Inc.",28.91M,0.73,-6.05%,Biotechnology,"112,240",-,https://stockanalysis.com/stocks/inkt/
XCUR,"Exicure, Inc.",28.75M,9.46,5.23%,Biotechnology,"76,268",-,https://stockanalysis.com/stocks/xcur/
CRIS,"Curis, Inc.",28.70M,3.39,-2.02%,Biotechnology,"56,615",-,https://stockanalysis.com/stocks/cris/
CTXR,"Citius Pharmaceuticals, Inc.",28.05M,3.63,-2.16%,Biotechnology,"85,094",-,https://stockanalysis.com/stocks/ctxr/
DARE,"Daré Bioscience, Inc.",27.15M,3.12,-4.00%,Biotechnology,"24,706",-,https://stockanalysis.com/stocks/dare/
CDIO,"Cardio Diagnostics Holdings, Inc.",27.14M,0.67,-8.11%,Biotechnology,"1,320,611",-,https://stockanalysis.com/stocks/cdio/
CVM,CEL-SCI Corporation,27.13M,0.43,16.05%,Biotechnology,"1,244,433",-,https://stockanalysis.com/stocks/cvm/
IGC,"IGC Pharma, Inc.",27.11M,0.35,5.64%,Biotechnology,"438,439",-,https://stockanalysis.com/stocks/igc/
LGVN,Longeveron Inc.,26.56M,1.79,-1.11%,Biotechnology,"149,120",-,https://stockanalysis.com/stocks/lgvn/
LPCN,Lipocine Inc.,26.15M,4.89,-6.50%,Biotechnology,"30,891",-,https://stockanalysis.com/stocks/lpcn/
FBRX,"Forte Biosciences, Inc.",25.99M,17.78,-8.54%,Biotechnology,"57,546",-,https://stockanalysis.com/stocks/fbrx/
HOOK,HOOKIPA Pharma Inc.,25.92M,2.15,15.59%,Biotechnology,"2,654,647",-,https://stockanalysis.com/stocks/hook/
BCAB,"BioAtla, Inc.",25.70M,0.53,-5.07%,Biotechnology,"1,292,380",-,https://stockanalysis.com/stocks/bcab/
LVTX,LAVA Therapeutics N.V.,25.66M,0.98,-5.26%,Biotechnology,"493,901",-,https://stockanalysis.com/stocks/lvtx/
MRKR,"Marker Therapeutics, Inc.",25.25M,2.83,-1.05%,Biotechnology,"51,219",-,https://stockanalysis.com/stocks/mrkr/
ENLV,Enlivex Therapeutics Ltd.,25.18M,1.15,-2.14%,Biotechnology,"78,559",-,https://stockanalysis.com/stocks/enlv/
EQ,"Equillium, Inc.",24.82M,0.70,-2.21%,Biotechnology,"104,316",-,https://stockanalysis.com/stocks/eq/
TRAW,"Traws Pharma, Inc.",24.39M,8.06,-0.12%,Biotechnology,"27,402",-,https://stockanalysis.com/stocks/traw/
NRSN,NeuroSense Therapeutics Ltd.,24.05M,1.04,-6.31%,Biotechnology,"148,101",-,https://stockanalysis.com/stocks/nrsn/
DRRX,DURECT Corporation,23.93M,0.77,-4.46%,Drug Manufacturers - Specialty & Generic,"148,603",-,https://stockanalysis.com/stocks/drrx/
PLUR,Pluri Inc.,23.57M,4.24,-2.30%,Biotechnology,"2,905",-,https://stockanalysis.com/stocks/plur/
INAB,"IN8bio, Inc.",23.43M,0.32,3.42%,Biotechnology,"691,855",-,https://stockanalysis.com/stocks/inab/
IBIO,"iBio, Inc.",23.33M,2.55,-6.25%,Biotechnology,"97,782",-,https://stockanalysis.com/stocks/ibio/
NRXS,"NeurAxis, Inc.",22.61M,2.49,-,Biotechnology,"11,659",-,https://stockanalysis.com/stocks/nrxs/
COCP,"Cocrystal Pharma, Inc.",22.48M,2.21,-7.14%,Biotechnology,"12,129",-,https://stockanalysis.com/stocks/cocp/
GELS,Gelteq Limited,22.46M,2.38,-2.06%,Drug Manufacturers - Specialty & Generic,"43,074",-,https://stockanalysis.com/stocks/gels/
NXTC,"NextCure, Inc.",22.38M,0.80,-6.11%,Biotechnology,"147,547",-,https://stockanalysis.com/stocks/nxtc/
PTN,"Palatin Technologies, Inc.",22.09M,1.13,-5.83%,Biotechnology,"153,838",-,https://stockanalysis.com/stocks/ptn/
OCEA,"Ocean Biomedical, Inc.",22.03M,0.63,-5.43%,Biotechnology,"140,504",-,https://stockanalysis.com/stocks/ocea/
PULM,"Pulmatrix, Inc.",21.95M,6.01,0.33%,Biotechnology,"50,779",-,https://stockanalysis.com/stocks/pulm/
ATHA,"Athira Pharma, Inc.",21.85M,0.57,-4.32%,Biotechnology,"214,904",-,https://stockanalysis.com/stocks/atha/
CARA,"Cara Therapeutics, Inc.",21.71M,4.75,-,Biotechnology,"134,237",-,https://stockanalysis.com/stocks/cara/
TENX,"Tenax Therapeutics, Inc.",21.27M,6.24,-2.88%,Biotechnology,"13,850",-,https://stockanalysis.com/stocks/tenx/
PYPD,PolyPid Ltd.,21.09M,3.10,3.68%,Biotechnology,"2,665",-,https://stockanalysis.com/stocks/pypd/
GOVX,"GeoVax Labs, Inc.",21.04M,2.23,1.36%,Biotechnology,"343,658",-,https://stockanalysis.com/stocks/govx/
BOLT,"Bolt Biotherapeutics, Inc.",20.62M,0.54,-4.69%,Biotechnology,"124,184",-,https://stockanalysis.com/stocks/bolt/
APRE,"Aprea Therapeutics, Inc.",19.86M,3.66,-7.47%,Biotechnology,"8,160",-,https://stockanalysis.com/stocks/apre/
CARM,"Carisma Therapeutics, Inc.",19.67M,0.47,-0.61%,Biotechnology,"190,101",-,https://stockanalysis.com/stocks/carm/
NNVC,"NanoViricides, Inc.",19.37M,1.35,-2.88%,Biotechnology,"517,295",-,https://stockanalysis.com/stocks/nnvc/
AFMD,Affimed N.V.,19.34M,1.18,-0.84%,Biotechnology,"190,234",-,https://stockanalysis.com/stocks/afmd/
BTAI,"BioXcel Therapeutics, Inc.",18.73M,0.38,-2.13%,Biotechnology,"808,724",-,https://stockanalysis.com/stocks/btai/
IBO,Impact BioMedical Inc.,18.41M,1.60,-11.11%,Biotechnology,"6,611",132.43,https://stockanalysis.com/stocks/ibo/
BCTX,BriaCell Therapeutics Corp.,18.07M,0.40,-6.74%,Biotechnology,"1,081,637",-,https://stockanalysis.com/stocks/bctx/
SNTI,"Senti Biosciences, Inc.",18.03M,3.93,0.77%,Biotechnology,"57,608",-,https://stockanalysis.com/stocks/snti/
MEIP,"MEI Pharma, Inc.",17.99M,2.70,1.50%,Biotechnology,"13,414",-,https://stockanalysis.com/stocks/meip/
CYTH,"Cyclo Therapeutics, Inc.",17.92M,0.62,-9.18%,Drug Manufacturers - Specialty & Generic,"35,931",-,https://stockanalysis.com/stocks/cyth/
FLGC,Flora Growth Corp.,17.77M,0.96,-4.95%,Drug Manufacturers - Specialty & Generic,"209,570",-,https://stockanalysis.com/stocks/flgc/
MTVA,MetaVia Inc.,17.75M,2.06,-3.29%,Biotechnology,"49,708",-,https://stockanalysis.com/stocks/mtva/
IPA,ImmunoPrecise Antibodies Ltd.,17.72M,0.53,-2.85%,Biotechnology,"431,532",-,https://stockanalysis.com/stocks/ipa/
CLDI,"Calidi Biotherapeutics, Inc.",17.67M,0.92,-32.22%,Biotechnology,"2,884,814",-,https://stockanalysis.com/stocks/cldi/
NKGN,"NKGen Biotech, Inc.",17.61M,0.49,-14.59%,Biotechnology,"579,634",-,https://stockanalysis.com/stocks/nkgn/
CRVO,CervoMed Inc.,17.42M,2.11,-3.21%,Biotechnology,"182,485",-,https://stockanalysis.com/stocks/crvo/
SYBX,"Synlogic, Inc.",17.19M,1.47,2.09%,Biotechnology,"73,610",-,https://stockanalysis.com/stocks/sybx/
GLYC,"GlycoMimetics, Inc.",17.09M,0.27,-4.26%,Biotechnology,"153,052",-,https://stockanalysis.com/stocks/glyc/
BLRX,BioLineRx Ltd.,16.91M,0.14,0.21%,Biotechnology,"6,841,868",-,https://stockanalysis.com/stocks/blrx/
HCWB,HCW Biologics Inc.,16.52M,0.37,-7.25%,Biotechnology,"126,242",-,https://stockanalysis.com/stocks/hcwb/
COEP,"Coeptis Therapeutics Holdings, Inc.",15.56M,7.57,8.30%,Biotechnology,"166,090",-,https://stockanalysis.com/stocks/coep/
CING,Cingulate Inc.,15.45M,4.81,11.60%,Biotechnology,"354,682",-,https://stockanalysis.com/stocks/cing/
ERNA,Eterna Therapeutics Inc.,15.41M,0.30,-7.21%,Biotechnology,"292,402",-,https://stockanalysis.com/stocks/erna/
SPRB,"Spruce Biosciences, Inc.",15.28M,0.37,-2.63%,Biotechnology,"727,950",-,https://stockanalysis.com/stocks/sprb/
NERV,"Minerva Neurosciences, Inc.",15.21M,2.18,-2.90%,Biotechnology,"12,566",-,https://stockanalysis.com/stocks/nerv/
XTLB,XTL Biopharmaceuticals Ltd.,15.05M,1.86,-2.62%,Biotechnology,"3,945",-,https://stockanalysis.com/stocks/xtlb/
CDT,Conduit Pharmaceuticals Inc.,14.78M,0.12,50.37%,Biotechnology,"1,154,260,317",-,https://stockanalysis.com/stocks/cdt/
PHGE,BiomX Inc.,13.86M,0.76,3.10%,Biotechnology,"45,162",-,https://stockanalysis.com/stocks/phge/
AIM,AIM ImmunoTech Inc.,13.71M,0.22,-0.92%,Biotechnology,"245,815",-,https://stockanalysis.com/stocks/aim/
ACXP,"Acurx Pharmaceuticals, Inc.",13.65M,0.81,7.62%,Biotechnology,"1,136,742",-,https://stockanalysis.com/stocks/acxp/
HOTH,"Hoth Therapeutics, Inc.",13.12M,1.90,-,Biotechnology,"10,332,745",-,https://stockanalysis.com/stocks/hoth/
IMNN,"Imunon, Inc.",13.05M,0.90,-1.06%,Biotechnology,"96,848",-,https://stockanalysis.com/stocks/imnn/
CSCI,COSCIENS Biopharma Inc.,13.01M,3.40,-0.87%,Biotechnology,"5,127",-,https://stockanalysis.com/stocks/csci/
APTO,Aptose Biosciences Inc.,12.99M,0.22,3.19%,Biotechnology,"1,731,390",-,https://stockanalysis.com/stocks/apto/
SNSE,"Sensei Biotherapeutics, Inc.",12.89M,0.51,-3.30%,Biotechnology,"608,474",-,https://stockanalysis.com/stocks/snse/
LYRA,"Lyra Therapeutics, Inc.",12.80M,0.20,-2.59%,Biotechnology,"1,664,369",-,https://stockanalysis.com/stocks/lyra/
TXMD,"TherapeuticsMD, Inc.",12.69M,1.10,-0.90%,Drug Manufacturers - Specialty & Generic,"62,875",-,https://stockanalysis.com/stocks/txmd/
KAPA,"Kairos Pharma, Ltd.",12.46M,0.97,-5.83%,Biotechnology,"159,159",-,https://stockanalysis.com/stocks/kapa/
RLMD,"Relmada Therapeutics, Inc.",12.44M,0.41,-8.76%,Biotechnology,"544,531",-,https://stockanalysis.com/stocks/rlmd/
MBIO,"Mustang Bio, Inc.",12.24M,0.26,15.38%,Biotechnology,"18,787,818",-,https://stockanalysis.com/stocks/mbio/
EYEN,"Eyenovia, Inc.",12.03M,0.11,-9.77%,Biotechnology,"15,604,885",-,https://stockanalysis.com/stocks/eyen/
JAGX,"Jaguar Health, Inc.",11.80M,1.00,-8.26%,Biotechnology,"376,153",-,https://stockanalysis.com/stocks/jagx/
CLRB,"Cellectar Biosciences, Inc.",11.65M,0.28,-9.23%,Biotechnology,"1,606,100",-,https://stockanalysis.com/stocks/clrb/
APLM,"Apollomics, Inc.",11.62M,10.54,-1.68%,Biotechnology,"9,422",-,https://stockanalysis.com/stocks/aplm/
IMRN,Immuron Limited,11.54M,1.95,-3.94%,Biotechnology,"3,859",-,https://stockanalysis.com/stocks/imrn/
BCLI,Brainstorm Cell Therapeutics Inc.,11.52M,2.02,-3.35%,Biotechnology,"59,782",-,https://stockanalysis.com/stocks/bcli/
BRTX,"BioRestorative Therapies, Inc.",11.28M,1.63,-3.55%,Biotechnology,"9,895",-,https://stockanalysis.com/stocks/brtx/
TSBX,Turnstone Biologics Corp.,11.11M,0.48,-11.07%,Biotechnology,"222,448",-,https://stockanalysis.com/stocks/tsbx/
CANF,Can-Fite BioPharma Ltd.,11.08M,1.58,0.64%,Biotechnology,"171,859",-,https://stockanalysis.com/stocks/canf/
AYTU,"Aytu BioPharma, Inc.",10.70M,1.74,-2.25%,Drug Manufacturers - Specialty & Generic,"15,737",-,https://stockanalysis.com/stocks/aytu/
EVGN,Evogene Ltd.,10.63M,1.57,-4.27%,Biotechnology,"44,616",-,https://stockanalysis.com/stocks/evgn/
PMCB,"PharmaCyte Biotech, Inc.",10.59M,1.52,-3.80%,Biotechnology,"17,787",2.05,https://stockanalysis.com/stocks/pmcb/
KPRX,"Kiora Pharmaceuticals, Inc.",10.57M,3.52,-4.77%,Biotechnology,"64,028",2.08,https://stockanalysis.com/stocks/kprx/
KLTO,"Klotho Neurosciences, Inc.",10.53M,0.50,9.73%,Biotechnology,"120,188",-,https://stockanalysis.com/stocks/klto/
VRAX,Virax Biolabs Group Limited,10.51M,2.42,3.42%,Biotechnology,"123,774",-,https://stockanalysis.com/stocks/vrax/
TLPH,"Talphera, Inc.",10.22M,0.60,0.93%,Drug Manufacturers - Specialty & Generic,"86,901",-,https://stockanalysis.com/stocks/tlph/
PPBT,Purple Biotech Ltd,9.94M,3.89,2.91%,Biotechnology,"66,972",-,https://stockanalysis.com/stocks/ppbt/
ENSC,"Ensysce Biosciences, Inc.",9.77M,7.49,-5.31%,Biotechnology,"33,331",-,https://stockanalysis.com/stocks/ensc/
BCDA,"BioCardia, Inc.",9.75M,2.13,-3.35%,Biotechnology,"45,201",-,https://stockanalysis.com/stocks/bcda/
INDP,"Indaptus Therapeutics, Inc.",9.69M,0.95,-2.06%,Biotechnology,"20,457",-,https://stockanalysis.com/stocks/indp/
ICU,SeaStar Medical Holding Corporation,8.88M,1.99,-,Biotechnology,"129,004",-,https://stockanalysis.com/stocks/icu/
EVOK,"Evoke Pharma, Inc.",8.68M,4.20,-4.76%,Drug Manufacturers - Specialty & Generic,"11,822",-,https://stockanalysis.com/stocks/evok/
BFRI,Biofrontera Inc.,8.68M,1.12,-5.08%,Drug Manufacturers - Specialty & Generic,"1,191,044",-,https://stockanalysis.com/stocks/bfri/
CYCN,"Cyclerion Therapeutics, Inc.",8.33M,3.29,1.54%,Biotechnology,"34,284",-,https://stockanalysis.com/stocks/cycn/
SNGX,"Soligenix, Inc.",8.03M,3.20,-2.14%,Biotechnology,"59,917",-,https://stockanalysis.com/stocks/sngx/
SILO,"Silo Pharma, Inc.",7.94M,1.77,3.51%,Biotechnology,"4,109,165",-,https://stockanalysis.com/stocks/silo/
APM,Aptorum Group Limited,7.80M,1.39,-2.80%,Biotechnology,"346,656",417.78,https://stockanalysis.com/stocks/apm/
RDHL,RedHill Biopharma Ltd.,7.50M,5.86,-6.53%,Drug Manufacturers - Specialty & Generic,"19,525",-,https://stockanalysis.com/stocks/rdhl/
AEON,"AEON Biopharma, Inc.",7.43M,0.19,-2.16%,Biotechnology,"8,646,128",0.54,https://stockanalysis.com/stocks/aeon/
VIRX,"Viracta Therapeutics, Inc.",7.39M,0.19,-0.91%,Biotechnology,"680,952",-,https://stockanalysis.com/stocks/virx/
IMCC,IM Cannabis Corp.,6.97M,2.44,-2.01%,Drug Manufacturers - Specialty & Generic,"15,651",-,https://stockanalysis.com/stocks/imcc/
QNTM,Quantum BioPharma Ltd.,6.91M,3.54,-5.85%,Drug Manufacturers - Specialty & Generic,"63,221",-,https://stockanalysis.com/stocks/qntm/
KZIA,Kazia Therapeutics Limited,6.88M,1.58,-5.95%,Biotechnology,"154,085",-,https://stockanalysis.com/stocks/kzia/
ADXN,Addex Therapeutics Ltd,6.86M,7.52,-5.88%,Biotechnology,"18,751",1.07,https://stockanalysis.com/stocks/adxn/
DOMH,Dominari Holdings Inc.,6.84M,1.09,-9.54%,Biotechnology,"21,323",-,https://stockanalysis.com/stocks/domh/
PSTV,"Plus Therapeutics, Inc.",6.84M,1.16,-3.33%,Biotechnology,"16,113",-,https://stockanalysis.com/stocks/pstv/
GRI,"GRI Bio, Inc.",6.81M,0.76,3.80%,Biotechnology,"149,200",-,https://stockanalysis.com/stocks/gri/
ABVC,"ABVC BioPharma, Inc.",6.78M,0.55,3.75%,Biotechnology,"154,126",-,https://stockanalysis.com/stocks/abvc/
CNSP,"CNS Pharmaceuticals, Inc.",6.77M,0.12,1.55%,Biotechnology,"27,944,035",-,https://stockanalysis.com/stocks/cnsp/
GLTO,"Galecto, Inc.",6.76M,5.13,-5.52%,Biotechnology,"10,848",-,https://stockanalysis.com/stocks/glto/
GNPX,"Genprex, Inc.",6.64M,0.78,-3.26%,Biotechnology,"248,832",-,https://stockanalysis.com/stocks/gnpx/
ADIL,"Adial Pharmaceuticals, Inc.",6.53M,1.02,-0.97%,Biotechnology,"90,608",-,https://stockanalysis.com/stocks/adil/
VINC,"Vincerx Pharma, Inc.",6.38M,0.19,-1.50%,Biotechnology,"2,168,331",-,https://stockanalysis.com/stocks/vinc/
ELAB,PMGC Holdings Inc.,6.33M,2.06,-2.37%,Biotechnology,"235,619",-,https://stockanalysis.com/stocks/elab/
CMND,Clearmind Medicine Inc.,6.21M,1.53,6.25%,Biotechnology,"206,628",-,https://stockanalysis.com/stocks/cmnd/
EDSA,"Edesa Biotech, Inc.",6.16M,1.78,-1.39%,Biotechnology,"1,310",-,https://stockanalysis.com/stocks/edsa/
ONVO,"Organovo Holdings, Inc.",6.15M,0.40,-7.92%,Biotechnology,"309,397",-,https://stockanalysis.com/stocks/onvo/
ALZN,"Alzamend Neuro, Inc.",6.14M,1.13,-0.88%,Biotechnology,"139,047",-,https://stockanalysis.com/stocks/alzn/
SYRS,"Syros Pharmaceuticals, Inc.",6.04M,0.23,7.14%,Biotechnology,"2,513,428",-,https://stockanalysis.com/stocks/syrs/
XBIO,"Xenetic Biosciences, Inc.",5.95M,3.86,-4.22%,Biotechnology,"7,209",-,https://stockanalysis.com/stocks/xbio/
GTBP,"GT Biopharma, Inc.",5.92M,2.65,3.92%,Biotechnology,"35,366",-,https://stockanalysis.com/stocks/gtbp/
SBFM,"Sunshine Biopharma, Inc.",5.86M,2.93,-1.35%,Drug Manufacturers - Specialty & Generic,"99,534",-,https://stockanalysis.com/stocks/sbfm/
LIXT,"Lixte Biotechnology Holdings, Inc.",5.83M,2.59,12.61%,Biotechnology,"25,755",-,https://stockanalysis.com/stocks/lixt/
CERO,"CERo Therapeutics Holdings, Inc.",5.68M,2.96,-20.00%,Biotechnology,"577,012",-,https://stockanalysis.com/stocks/cero/
CHRO,Channel Therapeutics Corporation,5.44M,0.90,-10.59%,Biotechnology,"85,347",-,https://stockanalysis.com/stocks/chro/
EVAX,Evaxion Biotech A/S,5.28M,0.90,-2.17%,Biotechnology,"162,952",-,https://stockanalysis.com/stocks/evax/
PBM,Psyence Biomedical Ltd.,5.16M,1.70,-7.61%,Biotechnology,"96,134",-,https://stockanalysis.com/stocks/pbm/
MBRX,"Moleculin Biotech, Inc.",4.92M,1.64,-7.87%,Biotechnology,"55,631",-,https://stockanalysis.com/stocks/mbrx/
PRTG,Portage Biotech Inc.,4.90M,4.37,-7.22%,Biotechnology,"27,261",-,https://stockanalysis.com/stocks/prtg/
PLRZ,Polyrizon Ltd.,4.76M,1.47,-4.55%,Biotechnology,"72,051",-,https://stockanalysis.com/stocks/plrz/
SONN,"Sonnet BioTherapeutics Holdings, Inc.",4.75M,1.58,1.94%,Biotechnology,"110,459",-,https://stockanalysis.com/stocks/sonn/
ALLR,"Allarity Therapeutics, Inc.",4.61M,1.04,-2.80%,Biotechnology,"3,025,941",-,https://stockanalysis.com/stocks/allr/
XRTX,XORTX Therapeutics Inc.,4.46M,1.26,-3.08%,Biotechnology,"18,113",-,https://stockanalysis.com/stocks/xrtx/
NCNA,NuCana plc,4.44M,1.13,-1.74%,Biotechnology,"132,594",-,https://stockanalysis.com/stocks/ncna/
GLMD,Galmed Pharmaceuticals Ltd.,4.37M,2.90,-1.36%,Biotechnology,"16,245",-,https://stockanalysis.com/stocks/glmd/
SNPX,"Synaptogenix, Inc.",4.24M,3.13,-13.54%,Biotechnology,"26,367",-,https://stockanalysis.com/stocks/snpx/
CPHI,"China Pharma Holdings, Inc.",4.23M,0.22,4.17%,Drug Manufacturers - Specialty & Generic,"793,712",-,https://stockanalysis.com/stocks/cphi/
ONCO,"Onconetix, Inc.",4.23M,0.51,-6.68%,Biotechnology,"759,531",-,https://stockanalysis.com/stocks/onco/
OGEN,"Oragenics, Inc.",4.19M,0.34,1.92%,Biotechnology,"376,230",-,https://stockanalysis.com/stocks/ogen/
BPTH,"Bio-Path Holdings, Inc.",4.09M,0.95,-2.92%,Biotechnology,"134,139",-,https://stockanalysis.com/stocks/bpth/
TOVX,"Theriva Biologics, Inc.",4.03M,1.45,-1.36%,Biotechnology,"38,320",-,https://stockanalysis.com/stocks/tovx/
ENVB,"Enveric Biosciences, Inc.",4.00M,0.40,-3.34%,Biotechnology,"81,650",-,https://stockanalysis.com/stocks/envb/
CELZ,"Creative Medical Technology Holdings, Inc.",3.79M,2.17,-9.96%,Biotechnology,"35,839",-,https://stockanalysis.com/stocks/celz/
PTPI,"Petros Pharmaceuticals, Inc.",3.77M,0.38,3.32%,Drug Manufacturers - Specialty & Generic,"590,018",-,https://stockanalysis.com/stocks/ptpi/
NLSP,NLS Pharmaceutics AG,3.76M,2.32,-3.73%,Biotechnology,"454,148",-,https://stockanalysis.com/stocks/nlsp/
ARTL,"Artelo Biosciences, Inc.",3.74M,1.16,4.50%,Biotechnology,"19,126",-,https://stockanalysis.com/stocks/artl/
HEPA,"Hepion Pharmaceuticals, Inc.",3.55M,0.51,-8.98%,Biotechnology,"39,320",-,https://stockanalysis.com/stocks/hepa/
LIPO,Lipella Pharmaceuticals Inc.,3.51M,2.90,-8.52%,Biotechnology,"65,356",-,https://stockanalysis.com/stocks/lipo/
TNFA,"TNF Pharmaceuticals, Inc.",3.49M,1.27,1.20%,Biotechnology,"108,672",-,https://stockanalysis.com/stocks/tnfa/
SNOA,"Sonoma Pharmaceuticals, Inc.",3.48M,2.60,-2.26%,Drug Manufacturers - Specialty & Generic,"35,511",-,https://stockanalysis.com/stocks/snoa/
ATXI,"Avenue Therapeutics, Inc.",3.46M,1.81,-4.16%,Biotechnology,"15,753",-,https://stockanalysis.com/stocks/atxi/
ZVSA,"ZyVersa Therapeutics, Inc.",3.45M,1.47,24.58%,Biotechnology,"38,065,014",-,https://stockanalysis.com/stocks/zvsa/
NBY,"NovaBay Pharmaceuticals, Inc.",3.42M,0.70,9.63%,Biotechnology,"6,029,820",-,https://stockanalysis.com/stocks/nby/
TCBP,TC Biopharm (Holdings) Plc,3.29M,0.40,-1.11%,Biotechnology,"874,468",-,https://stockanalysis.com/stocks/tcbp/
PTIX,"Protagenic Therapeutics, Inc.",3.26M,0.48,-14.13%,Biotechnology,"419,963",-,https://stockanalysis.com/stocks/ptix/
KTTA,Pasithea Therapeutics Corp.,3.24M,2.56,-10.49%,Biotechnology,"11,398",-,https://stockanalysis.com/stocks/ktta/
SHPH,"Shuttle Pharmaceuticals Holdings, Inc.",3.19M,0.87,0.12%,Drug Manufacturers - Specialty & Generic,"56,132",-,https://stockanalysis.com/stocks/shph/
MTNB,"Matinas BioPharma Holdings, Inc.",3.15M,0.62,-6.63%,Biotechnology,"185,170",-,https://stockanalysis.com/stocks/mtnb/
QLGN,"Qualigen Therapeutics, Inc.",3.15M,4.28,2.64%,Biotechnology,"21,140",-,https://stockanalysis.com/stocks/qlgn/
DWTX,"Dogwood Therapeutics, Inc.",3.14M,2.36,-3.67%,Biotechnology,"6,689",-,https://stockanalysis.com/stocks/dwtx/
QNRX,"Quoin Pharmaceuticals, Ltd.",3.14M,0.62,-0.26%,Biotechnology,"192,411",-,https://stockanalysis.com/stocks/qnrx/
YCBD,"cbdMD, Inc.",3.12M,0.56,13.28%,Drug Manufacturers - Specialty & Generic,"2,638,511",-,https://stockanalysis.com/stocks/ycbd/
SLXN,Silexion Therapeutics Corp,3.11M,1.94,-,Biotechnology,"68,120",-,https://stockanalysis.com/stocks/slxn/
INM,InMed Pharmaceuticals Inc.,3.09M,4.31,-9.83%,Biotechnology,"52,835",-,https://stockanalysis.com/stocks/inm/
TTNP,"Titan Pharmaceuticals, Inc.",3.05M,3.34,-1.18%,Biotechnology,"50,453",-,https://stockanalysis.com/stocks/ttnp/
THAR,"Tharimmune, Inc.",3.05M,2.05,-5.53%,Biotechnology,"51,025",-,https://stockanalysis.com/stocks/thar/
SCNI,Scinai Immunotherapeutics Ltd.,3.01M,3.53,1.44%,Biotechnology,"4,306",0.43,https://stockanalysis.com/stocks/scni/
ATNF,180 Life Sciences Corp.,2.99M,1.51,-,Biotechnology,"126,646",-,https://stockanalysis.com/stocks/atnf/
SPRC,SciSparc Ltd.,2.92M,0.81,1.03%,Biotechnology,"2,402,765",-,https://stockanalysis.com/stocks/sprc/
ENTO,"Entero Therapeutics, Inc.",2.80M,0.59,-4.85%,Biotechnology,"60,067",-,https://stockanalysis.com/stocks/ento/
PCSA,"Processa Pharmaceuticals, Inc.",2.78M,0.85,-1.49%,Biotechnology,"40,132",-,https://stockanalysis.com/stocks/pcsa/
AZTR,"Azitra, Inc.",2.75M,0.36,-8.30%,Biotechnology,"409,384",-,https://stockanalysis.com/stocks/aztr/
TCRT,"Alaunos Therapeutics, Inc.",2.72M,1.70,-6.59%,Biotechnology,"19,155",-,https://stockanalysis.com/stocks/tcrt/
CYCC,"Cyclacel Pharmaceuticals, Inc.",2.64M,0.42,1.21%,Biotechnology,"1,273,407",-,https://stockanalysis.com/stocks/cycc/
BDRX,Biodexa Pharmaceuticals Plc,2.63M,4.52,3.91%,Biotechnology,"16,024",-,https://stockanalysis.com/stocks/bdrx/
PALI,"Palisade Bio, Inc.",2.54M,1.91,-4.98%,Biotechnology,"120,852",-,https://stockanalysis.com/stocks/pali/
DRMA,"Dermata Therapeutics, Inc.",2.45M,1.20,-4.76%,Biotechnology,"86,738",-,https://stockanalysis.com/stocks/drma/
ADTX,"Aditxt, Inc.",2.42M,0.17,1.01%,Biotechnology,"11,338,792",-,https://stockanalysis.com/stocks/adtx/
SXTP,"60 Degrees Pharmaceuticals, Inc.",2.41M,1.05,-3.67%,Biotechnology,"539,948",-,https://stockanalysis.com/stocks/sxtp/
APVO,Aptevo Therapeutics Inc.,2.40M,4.79,-3.82%,Biotechnology,"65,598",-,https://stockanalysis.com/stocks/apvo/
WINT,"Windtree Therapeutics, Inc.",2.29M,0.26,-5.09%,Biotechnology,"1,776,993",-,https://stockanalysis.com/stocks/wint/
REVB,"Revelation Biosciences, Inc.",2.27M,0.53,-8.83%,Biotechnology,"439,497",-,https://stockanalysis.com/stocks/revb/
SLRX,"Salarius Pharmaceuticals, Inc.",2.26M,1.57,-3.99%,Biotechnology,"38,536",-,https://stockanalysis.com/stocks/slrx/
AKAN,Akanda Corp.,2.23M,1.56,-3.11%,Drug Manufacturers - Specialty & Generic,"61,588",-,https://stockanalysis.com/stocks/akan/
VRPX,"Virpax Pharmaceuticals, Inc.",1.78M,0.37,-0.16%,Biotechnology,"256,406",-,https://stockanalysis.com/stocks/vrpx/
PHIO,Phio Pharmaceuticals Corp.,1.78M,1.69,-,Biotechnology,"50,332",-,https://stockanalysis.com/stocks/phio/
PRFX,PainReform Ltd.,1.75M,3.15,-0.63%,Drug Manufacturers - Specialty & Generic,"76,986",-,https://stockanalysis.com/stocks/prfx/
RNAZ,"TransCode Therapeutics, Inc.",1.72M,3.28,-4.37%,Biotechnology,"34,399",-,https://stockanalysis.com/stocks/rnaz/
SCPX,"Scorpius Holdings, Inc.",1.65M,0.38,-0.26%,Biotechnology,"326,066",-,https://stockanalysis.com/stocks/scpx/
SXTC,"China SXT Pharmaceuticals, Inc.",1.63M,0.47,-1.82%,Drug Manufacturers - Specialty & Generic,"496,898",-,https://stockanalysis.com/stocks/sxtc/
